Deal_Storage_ID,Purchase_ID,User_ID,NumDealsPurchases
26,1043,1826,1
1441,1473,1,1
178,650,10476,1
82,1192,1386,1
3,2119,5371,2
1859,1230,7348,1
1746,909,4073,1
956,46,1991,1
496,302,4047,3
2126,1525,9477,3
1501,388,2079,1
2042,1391,5642,2
818,1876,10530,1
602,109,2964,1
1413,967,10311,0
446,1170,837,4
697,1550,10521,4
1177,323,10175,1
1670,1719,1473,2
1782,1762,2795,1
860,1428,2285,3
833,1255,115,3
553,1629,10470,2
1431,1610,4065,2
1551,121,10968,4
502,1103,5985,3
1288,436,5430,12
1442,272,8432,12
1470,992,453,2
1376,196,9687,1
234,1057,8890,3
1466,729,9264,1
1879,1311,5824,1
832,915,5794,3
368,1792,3068,1
307,2050,7962,1
788,1440,2681,1
1453,2109,10141,1
2041,1027,3725,1
1113,1513,3767,2
1731,1204,5585,2
1619,1472,7030,3
189,1955,1524,1
2046,552,3657,3
22,2077,5740,2
700,187,9595,1
2035,1455,3158,1
1324,389,5114,2
1578,1059,340,2
1015,2033,8805,4
735,448,1241,2
1392,1371,1402,3
747,1925,7264,1
1634,1896,1619,1
2079,684,6398,2
1201,325,1857,2
1162,195,4877,1
471,1329,3066,2
283,980,10286,1
1231,151,1992,4
889,1289,4246,0
1613,783,10623,1
1455,1348,4867,4
1349,508,3112,1
159,11,4865,7
759,2015,6287,1
829,982,4405,2
1253,885,5332,1
1285,176,1519,3
394,483,9080,3
1867,186,1772,1
1913,2212,5341,1
223,1491,5510,3
1819,928,3887,2
519,2173,7022,1
2038,1606,9999,1
206,1634,10352,3
944,420,7919,1
702,1543,4114,1
40,352,7990,1
356,339,9888,1
1087,1054,4399,1
815,1591,4452,4
767,288,4785,2
422,1553,8461,1
1175,2214,3878,1
1703,1927,9612,1
1768,1077,4098,3
401,927,158,1
1999,2049,3896,1
17,1372,9970,1
398,1430,4002,1
277,1882,10914,2
197,1599,7279,1
1419,1123,10582,2
1923,1926,4470,1
728,259,6183,1
981,2204,6379,3
1607,129,8601,2
1412,1962,4827,5
1072,2201,6715,6
1987,1039,10676,2
732,985,1041,5
784,2142,492,5
2049,1324,11133,5
429,887,4491,11
2155,2046,873,11
778,1910,1631,4
265,2149,8278,1
1329,1916,6815,0
1931,40,254,3
1268,20,1349,1
1367,1466,2534,2
1111,2071,2130,1
665,1714,2296,1
1617,826,3799,3
1938,488,11084,2
1732,678,5172,2
2098,883,9504,1
906,118,850,2
1467,1228,4477,1
256,1755,1945,3
1933,1479,7685,1
757,74,6310,1
1235,1672,10832,1
2229,1834,3025,3
1699,1920,2404,4
1677,1046,8581,9
1191,1084,8755,1
2199,163,10177,3
580,1567,2429,3
1140,1936,8920,3
949,646,8430,1
1234,1337,8619,1
1098,610,8996,12
1724,2079,7233,2
533,641,6678,2
831,782,830,1
1418,1437,6365,1
556,2105,6770,2
1962,1997,2261,1
1943,209,1031,1
437,527,10089,1
569,1468,9256,4
172,1253,10641,4
1805,1977,624,1
2145,1502,4211,2
1751,1012,1407,2
2108,1380,10356,1
480,331,9323,4
1432,537,1146,4
69,2091,6343,1
31,891,8545,1
1085,1081,8275,1
880,947,10673,1
1935,1785,8799,3
707,2009,67,3
973,1863,9923,3
684,1244,2814,1
1261,954,2711,1
1103,264,4320,1
1538,2223,10451,1
1615,884,4198,1
143,205,10814,1
1142,1895,944,1
1785,718,8151,1
2110,676,6184,1
110,1530,3498,4
2210,1961,2870,5
1989,931,7342,3
1255,216,1911,1
1462,1118,10862,5
555,825,2546,1
2190,110,3005,1
745,805,8318,0
1188,529,2930,2
1806,1908,8216,6
75,845,1212,3
2048,546,2541,2
290,680,10659,4
923,120,10905,5
1182,936,8910,5
1295,1016,7349,4
362,35,7872,1
1294,459,4290,1
433,1548,7408,2
1504,698,9986,3
1520,1933,8235,2
765,1717,10949,1
1052,292,7284,1
2203,734,9529,1
1025,699,9930,1
1116,306,10270,2
639,1943,760,2
1701,395,5519,1
1678,792,232,1
996,715,3009,1
536,1536,6518,1
1686,147,10669,2
942,1316,5682,4
176,2186,1570,2
369,2059,1497,2
701,2178,9723,4
526,615,7261,5
1403,1008,2452,5
493,702,5621,5
1337,814,10995,3
1752,7,7373,6
2091,1448,5331,1
2158,1470,263,1
2013,1939,4619,0
1749,709,940,2
1705,2221,10084,2
1264,1193,6019,1
640,263,1463,1
1469,1604,6424,1
1990,574,8233,4
375,1594,1515,1
101,382,10855,2
1190,1425,10909,0
1205,1821,3376,1
1654,453,10232,3
67,565,5547,1
476,136,8362,1
928,701,3524,2
1297,335,10095,1
876,1704,8897,8
572,1183,466,1
963,478,11025,4
811,244,2387,6
267,1481,1618,2
776,1037,25,2
1869,822,3277,2
1984,267,8566,1
20,12,2634,3
406,1047,8036,4
1474,628,8159,3
1302,1628,7628,2
1566,1283,9597,1
1057,758,1384,2
549,2128,10150,0
1955,1303,3885,1
281,893,11003,2
1216,1765,8026,5
1364,899,577,2
2162,1460,8702,2
1595,281,5429,1
2218,1750,977,6
769,122,2793,3
121,37,1071,3
2026,371,5074,1
873,353,2632,7
291,1197,6404,5
1516,1745,10240,1
2185,1986,2521,1
133,502,4301,1
703,1570,7381,1
1766,1159,2407,1
1496,2218,9064,1
173,1892,5067,1
975,1096,10281,2
1716,57,11191,1
560,2184,1994,1
1027,1032,2552,9
1437,1210,6720,3
1171,2156,4557,2
854,1070,1183,1
1596,1782,4186,3
994,318,1419,3
1970,2139,967,10
688,1803,1048,2
623,391,9262,1
729,2161,3427,6
1890,212,5892,7
1124,92,8911,3
744,1887,6606,2
94,1212,2677,5
457,1165,252,1
2226,1454,9860,3
1747,1488,1388,2
150,1624,979,2
39,239,7494,4
211,1247,10490,2
1128,949,3403,2
858,767,2715,4
86,1093,4828,1
972,70,92,4
1860,135,3312,4
676,2145,11176,2
303,1706,1446,1
1745,1635,9699,3
254,933,9790,1
814,1573,2324,2
1589,19,5080,1
304,515,4992,3
749,2063,7849,1
1735,370,4808,1
993,548,10401,1
1753,1556,7793,3
558,2151,9303,0
1448,2160,6853,1
574,1270,7366,1
1875,1823,9780,2
1006,1069,7573,1
950,2051,1379,1
727,1453,8923,1
563,2017,3547,2
1900,1607,8707,1
1495,1346,1891,1
1572,1874,6271,1
595,2012,9635,1
513,54,9727,1
1335,1701,6205,3
585,1641,10681,5
1106,654,5156,5
2082,824,3050,6
484,1549,8164,1
643,655,5626,1
2089,1251,7600,2
1365,662,6406,1
145,865,7002,1
2182,772,8234,1
1051,1009,6116,1
1924,1232,291,1
1149,2159,8779,4
1108,1828,4931,0
1798,48,1650,1
775,2101,9701,3
1379,491,6431,2
885,618,10789,2
1828,257,5302,1
214,1964,4459,1
2003,411,10642,1
41,245,9213,1
1775,1492,3678,11
835,1384,3698,1
1985,669,5929,2
1360,1135,10795,2
1322,1089,4390,2
990,839,9362,1
839,1842,1577,1
1945,90,4609,3
1815,285,7143,5
1857,889,1729,2
1997,1219,10664,2
953,235,5029,1
1042,260,10507,4
329,2085,3865,1
467,56,6982,1
1183,1562,7042,1
312,879,9668,3
1192,991,6878,3
1301,1804,4099,1
1031,555,5031,1
1058,1471,1970,1
1086,1394,5726,3
607,470,5231,1
985,857,1307,3
1743,816,10609,2
514,859,5782,2
635,1968,7533,4
823,1408,9493,1
1979,1929,2253,1
739,71,2326,1
218,1544,1876,1
548,1262,7141,4
1138,910,7393,3
1530,1642,4713,2
790,1364,5093,3
584,1235,8524,3
68,192,3766,3
1260,1098,9725,1
1728,1984,8933,2
1136,938,10779,1
137,372,9289,1
1856,666,2613,2
1351,1153,10133,0
1196,49,8443,3
379,1328,10796,1
896,876,10241,1
1651,507,3388,5
509,743,6507,2
2216,262,7446,2
71,1383,87,2
2029,689,10477,1
638,449,6072,1
926,1211,2518,1
1861,704,247,6
2200,620,9463,4
2176,184,1459,1
236,1358,9530,1
951,316,9653,2
1973,10,10785,2
1974,1449,9392,1
1500,1250,3769,1
870,1053,10146,1
546,227,4741,2
648,1181,1880,2
898,2230,6471,1
298,68,5718,1
1393,1438,3478,10
2118,124,7848,2
589,1336,7999,1
1152,1620,11101,1
2193,652,9212,6
337,881,10983,1
597,1001,3629,2
915,1835,4673,3
2152,1800,796,3
1304,1104,618,1
487,2092,380,5
338,190,1092,4
1396,633,8962,2
1229,256,8207,1
1303,1109,6521,1
1709,342,535,1
571,333,4608,1
2153,469,11086,1
1969,211,1064,1
1816,1386,7000,1
1325,708,1581,1
1199,1960,7384,2
1773,1209,10552,2
113,89,6409,1
845,1808,9507,2
351,113,9560,1
1799,1456,10991,1
308,1940,4712,1
540,2064,11056,1
1836,1973,7414,4
2018,228,3076,4
1976,888,6355,3
16,696,7959,1
1947,1087,5512,1
1584,1504,10102,1
2058,2044,9369,1
1416,1323,3711,1
2045,417,6931,1
396,119,9596,1
1549,1922,2727,1
1770,1598,8416,2
30,1712,3967,1
903,1222,2139,3
1434,1111,2162,2
877,243,9242,1
49,361,10595,1
364,1199,4855,1
70,98,5049,1
1767,1264,4967,4
2075,1602,5255,0
2037,1274,9215,5
1529,833,3525,1
1071,1420,3619,1
1640,223,4415,3
813,753,3645,3
1155,1904,4692,5
1850,438,3955,0
302,538,5313,3
1010,4,7196,1
478,1276,1381,5
2138,443,10951,2
1247,114,4322,1
129,1119,7444,2
385,423,2942,2
2128,1979,2874,1
1917,596,3667,1
618,2126,3697,2
642,937,9955,2
97,1154,5320,4
501,2078,6422,1
1368,1431,3690,1
2124,2082,2408,12
107,328,9260,2
466,648,9648,4
233,1067,4939,2
1602,1218,8652,2
1632,218,4702,1
1486,2028,2587,2
325,1825,2811,2
431,1683,9150,2
1319,1918,10127,1
1959,1389,5493,1
360,1731,2666,1
410,247,10099,3
1487,556,10562,1
347,148,7881,1
111,1435,6721,3
1512,2220,5204,1
1315,1284,5209,2
2000,390,10128,5
1490,1633,9284,5
874,348,8643,1
2192,996,1685,1
962,418,2877,10
2095,2193,8369,1
760,497,6233,3
2156,1497,195,4
792,1385,1501,15
1894,1019,10846,6
1742,1182,8341,2
1282,172,10766,1
859,81,9971,1
1667,2148,1740,2
1290,838,8737,1
1243,1100,6466,3
1994,1564,10430,3
1475,1671,8773,3
581,1229,2371,3
335,752,7786,4
1557,1313,4088,2
1511,38,4971,2
1292,236,10560,1
1891,2215,6892,8
1914,64,11004,1
1377,410,1818,1
1402,1678,9485,1
1671,720,6646,1
795,185,4248,0
2060,2123,7451,0
1637,848,7861,2
941,1713,5232,1
763,398,3011,1
1284,1771,5758,1
1542,1271,2173,1
826,111,10711,1
2030,2010,8268,3
6,664,2782,3
238,276,9432,4
1347,1295,5872,4
1384,506,11187,3
1855,1179,2428,3
616,547,1726,1
621,1941,1802,3
1465,1185,1162,2
1714,601,10643,2
455,1124,11112,6
2234,1778,2114,1
625,775,4261,1
1036,1102,2457,2
1726,503,2495,1
620,1693,6983,2
442,1458,3436,1
827,795,7505,1
186,2060,4286,3
300,1551,7224,2
1309,426,6215,2
163,1756,968,3
651,563,4096,3
1847,587,3153,1
1119,329,6504,3
905,428,5329,1
1002,1105,1175,1
2168,2152,1377,2
1628,1954,4607,1
772,745,4944,1
1250,158,9483,7
119,1637,1378,6
2014,298,5991,3
1983,1529,2807,3
1397,1894,1052,3
108,117,9760,6
2178,241,7101,6
366,1388,9909,3
663,1563,5907,1
1133,1422,793,1
910,437,8832,2
2,541,2535,1
1074,2233,1523,2
1688,518,1839,1
1514,1078,9972,1
1040,1853,2945,1
1681,561,9291,1
901,728,2829,2
33,523,8594,2
1390,1362,1592,0
1100,1937,4310,1
1697,2002,6950,2
1907,860,8492,1
120,1991,5684,2
1948,366,5909,5
58,1769,9855,1
1381,806,975,5
2087,1477,8754,1
613,2216,1456,7
2027,1073,2849,7
838,800,9984,5
1801,721,5527,2
1065,1393,5628,1
118,999,7627,0
261,2197,1351,4
1605,2089,10629,3
789,2021,10395,3
490,1413,6961,1
1833,2170,10196,2
1076,1151,6182,2
1352,416,10432,1
1498,864,1542,6
1569,341,4220,1
413,2129,4141,1
316,490,1940,1
1545,1781,1506,4
945,2190,6347,1
999,1527,1361,1
1330,1506,9422,2
1510,1775,1081,11
1603,713,7458,2
793,2006,1012,4
1181,1187,5453,1
796,707,6818,5
64,613,7807,5
123,785,7532,3
1141,1982,8346,2
225,789,5564,2
938,1746,3267,3
1318,1040,3091,1
1625,208,762,1
1055,1145,8029,1
105,311,4376,1
1582,892,10981,1
479,494,486,1
965,201,1158,1
1864,1023,9119,2
169,642,6694,1
924,1559,10573,1
1023,1239,10140,1
1825,2061,2286,2
1802,1740,8420,2
260,337,10065,2
687,2057,1029,1
565,2153,4207,1
717,1320,10277,1
844,1989,4436,1
1567,809,2929,1
716,1259,6281,2
566,343,10390,1
1306,2005,2574,3
1374,153,709,3
346,544,5955,1
382,1004,8486,4
1734,347,10343,2
196,8,6652,1
734,1625,8746,2
1056,509,4686,0
518,2209,3551,2
1748,1064,4338,1
1622,310,4444,1
1643,210,498,2
2086,1688,8230,1
594,631,2826,2
106,1051,6222,2
872,894,7352,4
662,160,10928,2
2189,1164,10736,2
1503,1555,10163,1
477,1175,6168,2
51,392,4656,5
1271,1381,626,1
644,1915,3870,1
1826,1864,6299,6
2233,1524,7798,4
1313,1618,9973,3
699,1090,4299,7
2236,740,10971,4
1164,846,9931,15
1507,1034,6679,1
1754,2062,5961,1
81,868,6255,1
134,983,8614,1
856,1397,7828,1
668,1493,1277,1
762,225,3595,2
2093,1000,5735,1
1080,2240,5350,1
1320,2141,4137,1
352,1794,6357,3
315,542,9316,1
299,882,3578,2
1000,1459,153,1
1174,397,10524,4
470,1392,1518,5
152,439,2036,3
890,821,9495,1
655,571,2631,1
847,265,6312,4
2142,1347,615,1
2191,661,4406,4
2102,60,10061,2
1874,1816,10619,1
1740,712,4945,2
821,1856,1777,1
646,2025,4023,3
685,786,7922,2
531,1935,10699,2
74,1198,7516,1
721,1733,3129,1
2015,1461,5121,2
1274,895,2186,1
1399,1273,10548,1
675,1304,6384,3
345,1095,2625,2
1334,1631,1676,4
1369,1462,5534,2
372,2174,6859,2
1493,651,271,5
846,1006,7699,5
131,1988,7832,1
1920,381,938,2
199,1883,7873,4
761,1237,9967,8
1807,1878,1087,3
1787,1985,8314,1
1663,105,3762,1
1404,266,10383,1
1259,2124,6798,9
1700,1341,4168,9
1772,1163,6690,4
1316,1361,10602,2
888,585,3220,2
1919,80,5424,2
165,1789,7488,3
1220,375,5289,2
128,33,347,4
170,251,5236,1
43,2222,9478,2
669,1753,477,1
1692,58,7411,2
1425,1668,3107,1
631,340,7437,1
1359,762,255,2
658,1766,3790,1
500,1885,749,2
140,1306,1503,0
986,913,8650,1
1409,204,607,6
1145,994,1008,1
1030,1062,9396,1
2074,1848,933,1
32,107,5710,2
1951,614,2882,2
1104,1596,2379,2
353,521,5342,2
1849,798,3262,1
1936,1965,5832,0
1372,823,5025,1
274,2185,569,1
1915,869,3102,1
1809,853,9449,1
1395,1516,8104,1
1263,50,75,1
397,1893,6421,1
1168,1013,3037,2
1635,1226,4698,2
1147,2131,948,3
1539,1366,6177,2
920,784,3517,3
520,997,3491,4
868,13,7610,5
348,847,4377,2
1881,843,9850,1
1629,62,5544,2
1926,2075,6497,4
2187,1021,4543,1
1450,751,5117,2
483,948,1448,3
1683,977,6887,2
155,1322,7500,2
195,1339,2724,1
503,1535,2256,2
1614,2165,1100,4
598,6,7725,1
46,1855,2612,1
1761,1761,113,2
1758,1974,2868,3
79,1585,4216,1
142,2219,199,1
523,685,359,3
2160,2040,8842,3
508,1002,2154,3
38,1727,6050,4
2025,511,9204,4
1446,2137,4472,1
321,367,6864,2
1896,986,10617,2
714,750,3924,5
1902,777,5654,2
1656,1207,9216,2
650,29,8086,2
1323,498,9097,4
1221,1269,7631,1
917,963,7275,3
1070,968,8334,3
825,53,1987,2
2206,1137,2281,1
1215,904,7034,2
2054,369,2797,1
1156,622,3934,2
1248,1254,2493,2
1759,1748,3759,2
1837,284,965,4
311,317,7378,5
1698,820,1859,1
1810,1357,6263,3
887,582,2072,6
1097,517,8908,1
29,219,738,4
411,1860,10129,1
244,1711,807,6
2002,1846,3334,0
332,2056,5423,1
1077,296,4426,6
1186,45,10489,1
591,1508,2570,4
1427,532,3834,2
1172,1911,590,1
1708,1957,4791,1
1327,1931,5304,2
1240,623,2426,1
968,451,35,3
1586,1772,8041,6
921,1787,3584,2
204,1526,7718,1
2105,1130,8605,2
1451,649,1646,2
9,1987,9206,2
407,1426,10757,1
1601,1953,6885,1
1488,671,907,5
1889,522,1150,1
1908,1852,3867,1
547,1015,3859,1
538,668,3265,1
253,960,4418,1
1343,810,4611,0
746,1786,4530,3
231,591,7736,2
2219,2235,9949,3
867,695,942,3
911,2183,6181,1
341,748,7660,2
1797,862,2055,2
2230,1398,5107,2
2001,599,1626,2
1839,346,6428,1
1433,526,9617,1
624,1568,4339,5
1375,460,7235,3
1308,877,8527,5
333,83,1968,1
957,922,9862,2
1842,560,11075,4
232,1265,6658,7
1840,1517,4552,1
275,575,10377,3
1269,1879,5336,0
1129,115,10350,1
1576,2228,11071,1
1631,1060,11100,2
1101,1213,6516,1
373,269,1734,4
1004,1249,2131,4
882,1355,6439,7
1305,645,10591,2
2104,1042,9797,2
392,1998,9336,3
1314,1723,2174,2
751,1375,3197,2
1122,572,9185,3
190,1970,905,4
1084,567,10858,4
78,481,8925,3
2021,514,2499,1
1435,837,1109,1
1241,287,326,4
1961,1017,10967,3
2040,286,5370,4
492,1150,2098,1
1720,414,1773,1
1814,2090,5036,2
8,252,4856,1
1594,42,8722,1
1792,1379,2156,4
279,1952,2569,1
2157,2200,10151,1
126,946,10473,1
960,964,7079,5
87,1905,6875,2
1827,602,6728,2
637,240,2471,1
243,749,49,1
2235,173,4973,1
1616,700,6387,3
262,1405,5866,3
326,581,8523,3
1532,66,7901,1
62,28,898,3
420,1627,10242,2
2106,1700,5835,3
1934,1241,6919,3
2147,1956,6197,3
2043,2099,10475,2
355,95,4201,5
1336,238,5092,4
61,510,6566,9
374,1238,6613,6
698,2072,9094,2
758,1608,9847,2
578,2037,10767,1
1307,1783,7943,1
109,1167,1055,1
1424,1395,1458,3
1722,1061,8402,2
1858,531,6246,1
664,1356,4654,1
2022,925,6103,1
2070,419,8147,3
1091,1906,10207,1
706,1888,4838,1
423,301,10219,1
1508,1913,2176,2
1960,365,9121,2
1835,1980,5802,1
2170,836,10790,1
902,2238,178,4
738,2053,2308,2
576,2084,7431,1
649,1838,9405,3
54,1655,10525,1
596,224,7503,0
1003,1840,8783,3
1672,1505,1403,2
421,1106,4643,2
1032,674,3463,4
612,360,4055,2
1830,100,7010,1
1044,1978,4767,1
539,829,1927,4
473,907,437,1
393,465,4331,1
2165,1875,4084,2
900,1901,8135,1
1407,1619,9750,5
1213,1134,6682,1
499,87,10581,7
895,1297,3710,2
869,444,5207,10
278,191,9360,1
671,1777,4679,3
229,486,1340,1
966,1576,10839,2
297,902,5303,1
1356,1795,9829,3
2116,2027,10469,1
864,354,3602,2
529,1569,4756,1
1560,2096,8181,3
615,1480,6958,1
1868,1587,10856,1
1439,1018,3321,3
2066,431,5394,4
2151,2144,433,5
541,2094,6320,1
718,1257,5376,15
1024,1541,1867,1
982,2195,4324,5
1022,146,3661,1
750,1457,521,2
1472,919,10403,3
2047,480,7186,2
250,757,4329,2
1482,1938,4394,1
1358,69,1717,3
773,468,1016,2
1026,1278,3783,2
726,1055,5848,1
1862,477,10727,2
808,31,5299,2
2215,606,6872,2
154,2202,1143,2
1370,2008,10381,1
1689,1580,11007,1
1033,291,9145,2
1591,672,5267,1
1338,1469,9738,1
1982,1784,10212,1
460,976,10010,4
1226,1400,10069,1
468,979,2694,1
1473,635,10613,4
1757,1909,4646,1
2084,1370,6935,1
1606,355,5596,1
740,1807,1044,3
1158,644,9274,1
559,112,9076,4
1791,1310,4947,1
415,1696,10176,7
2225,2154,3507,2
248,458,9235,1
227,1129,10341,1
1117,714,2639,3
1173,181,6201,2
428,2205,7397,3
1353,455,2181,1
1083,1221,1204,3
661,630,1170,4
1788,1321,8812,2
1161,1149,4690,4
52,2236,1715,2
1019,597,10821,6
1736,1966,6543,1
604,1117,7119,1
879,711,3518,1
656,88,1245,4
1344,1148,2561,4
184,2194,9624,1
1706,973,10509,2
1016,1044,7629,2
1461,1891,7875,1
878,39,2815,2
309,802,2936,1
151,1790,3665,3
1481,1360,10888,2
1641,1467,6637,1
515,1699,5077,1
1927,1522,6173,1
1852,2217,3969,1
100,958,4580,1
857,399,663,1
2184,313,8299,1
383,36,8945,2
1633,872,10870,2
930,454,1184,3
2140,1547,6141,2
1317,2182,8825,8
1685,929,2217,1
1555,691,4102,1
1781,1168,4653,4
1991,1231,10092,4
1193,401,5788,3
245,562,4669,3
1587,1256,6295,4
2056,221,7453,6
2052,473,10841,3
1937,1203,821,1
1326,1897,3933,6
1880,903,1225,1
59,405,7059,1
1454,1862,5633,7
2125,1749,843,4
453,2020,6211,1
861,1847,7007,2
1769,1814,9671,4
1771,280,8975,4
1521,63,6616,2
1679,304,6248,0
95,1899,7428,1
158,73,3075,1
1060,234,2937,3
2220,2073,203,1
1185,466,2021,4
1109,1995,880,1
593,2083,524,1
2171,321,10837,1
84,706,7011,3
851,409,4184,2
219,278,7679,1
370,1446,7485,3
852,21,7530,3
235,273,4369,3
1458,2227,10652,3
93,1115,286,4
220,1260,5922,2
390,1644,7250,7
1553,1659,2478,1
1954,1600,1160,4
462,1872,9214,1
1232,364,273,5
1165,295,851,9
2211,1390,9729,6
1711,866,9665,4
1829,589,2620,1
1963,612,8254,1
1127,149,3852,4
174,2045,1000,4
989,1191,3099,5
125,2080,6318,1
715,2095,5396,1
1626,682,7966,3
1659,2047,454,2
381,2234,309,3
2017,1818,3571,3
2094,2030,8395,1
27,1272,2591,2
36,351,1640,2
2109,1532,810,2
1958,403,9423,2
1713,2207,4345,1
1053,1443,89,2
1547,2039,5294,3
1331,1744,1321,3
1236,1759,2686,1
674,812,1215,1
1853,1921,9283,1
122,1072,3120,1
419,2181,5868,2
614,1377,8143,2
737,193,3479,1
1039,1833,7214,1
1088,1186,5543,5
1725,1924,9347,1
830,2169,10160,1
240,1707,1406,8
207,1990,7019,4
1061,1583,2157,4
1219,1327,8939,6
2068,179,10250,1
770,1716,1272,4
1527,1589,3007,2
1639,249,5513,2
13,492,679,2
359,955,8876,5
1950,169,10827,4
582,1770,7300,3
168,1616,4268,1
1249,694,4603,2
1237,1819,8659,2
1627,832,10708,1
18,166,1176,1
1537,725,10380,1
2209,1173,7037,3
114,213,11096,2
1121,1378,6374,5
2173,1726,5552,6
1940,1681,2245,3
791,1178,6200,2
1522,320,9904,5
2183,93,10031,5
568,1871,6642,4
230,1528,10882,4
2101,1900,5636,1
1081,1992,8692,6
1134,841,8091,1
452,900,8080,1
268,1975,8370,2
2005,1223,4550,1
1952,1157,3381,2
322,1094,10556,4
1910,2052,9467,1
1125,1351,2891,2
2179,440,5011,2
1311,1196,8140,3
771,270,11039,2
1012,1832,78,1
1756,1266,5517,1
1630,1305,5290,5
1222,878,4128,2
2080,1486,8534,4
812,86,9592,2
162,101,8957,8
463,322,9308,1
1410,981,544,1
2063,578,5989,1
692,1663,635,8
1069,495,6673,1
632,797,1710,7
2083,2135,523,1
2122,965,8977,1
57,686,9736,3
937,1666,1544,1
2181,1661,6575,8
1457,1687,6147,1
748,1349,6354,2
1981,906,4769,7
1202,1923,7540,2
485,724,5247,2
511,1147,5987,2
336,1296,9960,1
919,595,10972,1
1272,16,1399,1
2099,2115,2698,3
12,600,6340,2
1559,282,4107,2
1046,1439,10906,2
557,1791,2557,1
1975,1382,8786,4
1339,415,7187,7
380,1280,6119,1
1075,2166,2980,4
683,2177,3850,1
127,2138,1077,1
922,258,9733,1
96,1680,8462,1
327,1694,4764,4
357,1292,2223,8
1887,576,7788,1
224,159,5827,4
1389,189,2958,3
970,1650,4954,6
361,972,3139,1
1449,766,9952,1
116,2120,8180,3
708,811,3276,1
1114,1143,4994,1
2237,2001,3598,4
198,924,945,2
50,402,5048,1
2073,940,6214,1
940,2068,6230,5
80,598,2968,2
542,1080,8800,2
1153,222,1907,5
610,1512,10478,5
138,1180,4188,3
221,1152,8720,0
1526,1837,2225,1
1668,611,4790,1
1642,1169,1131,1
863,1200,202,0
1903,2102,9589,0
201,1205,3900,1
1848,2103,9958,1
23,1660,8955,1
280,182,10033,1
1378,472,5751,1
409,1682,3308,3
1540,1996,7297,4
1905,1141,8008,1
185,1605,1232,1
1737,314,2345,1
756,1445,1628,1
802,658,5081,1
2053,413,839,1
2050,2055,3706,1
1573,2206,5154,1
1414,1728,8584,1
1645,1757,6583,1
2186,2058,3433,1
1901,1427,10486,1
865,2162,8687,3
1870,1314,7842,3
1790,643,3749,1
1680,226,1331,2
611,1252,5995,7
1064,2,8985,5
1764,155,2798,0
1695,898,7108,6
350,1691,2781,1
1267,1890,3623,3
1715,308,194,1
893,373,10833,3
2202,1414,2315,1
1363,564,6336,4
686,85,10738,1
1139,535,8286,1
1664,376,2166,1
2201,1298,10691,1
564,1317,9739,2
1729,1638,1829,3
1541,569,6260,1
378,474,10448,5
1492,778,1343,6
1956,1729,4749,6
24,2035,531,11
1949,545,6905,1
1911,1447,1045,2
991,1373,4012,5
1988,1822,5529,7
2136,549,4001,7
171,659,10420,1
1779,675,7723,1
935,430,2963,1
2007,220,10634,1
798,2074,5180,2
1456,1496,6866,1
1832,131,1328,3
2177,834,1139,1
1009,1007,4961,4
628,1025,5177,2
837,943,2075,1
1588,1326,3428,1
2166,1809,4500,1
1808,2076,7369,2
1921,255,4381,7
1570,1401,9964,1
60,289,1630,1
984,384,5012,1
1176,1640,6918,1
545,463,7822,2
1443,493,10156,1
1978,512,3033,1
1107,1045,4119,1
1993,152,11110,0
1783,1983,332,3
816,1136,737,2
1665,1436,10319,4
1233,2187,2683,4
180,568,3445,2
1562,1285,10913,1
1608,770,4427,1
241,625,8717,1
630,1312,2066,1
1690,886,3340,6
1886,988,8685,6
633,647,4149,1
459,2093,8726,5
1007,2069,2295,1
1986,467,3283,2
817,688,1915,1
1813,1577,800,2
532,1958,9166,3
1095,1571,5147,1
1239,433,13,2
1691,710,8557,2
768,2189,8724,2
2221,840,9381,7
416,450,9384,7
1863,1234,3560,1
824,657,241,1
1281,2024,7521,1
367,2086,9799,3
550,1308,5123,1
149,990,448,2
286,214,4837,2
2167,165,9365,5
2114,246,8932,4
247,1830,7055,2
1515,312,3537,3
56,350,9081,1
516,1058,4988,3
1674,950,1050,1
1298,394,5610,2
1872,1930,3526,2
554,639,5136,7
1882,1850,1411,1
1996,1287,701,2
388,442,6203,1
440,1038,7192,2
848,485,5181,1
42,1240,9220,1
1189,26,7734,1
1217,206,10446,1
709,1121,5524,3
978,1345,3830,1
1583,2155,5186,2
680,1099,8514,1
272,1071,7165,2
567,969,10236,2
1209,534,2392,2
1581,1824,1920,2
1922,951,3673,3
853,233,1453,2
785,290,4518,2
2076,1708,8969,4
2113,171,387,1
426,1407,1079,3
897,1248,164,2
1050,1811,3434,1
1610,1737,5721,1
590,2122,8418,2
731,1561,5300,1
1429,1432,10424,1
317,677,11171,7
276,799,1600,7
1105,2203,7851,1
1440,1423,10701,1
1909,513,891,1
1112,670,6912,1
2174,1851,5967,3
63,1114,2109,1
1099,765,6292,1
1693,1155,8537,1
72,168,9576,3
418,754,5935,3
605,501,10264,2
1675,1216,234,2
1707,1613,3202,1
305,2164,1103,2
2227,1267,610,8
1254,966,4480,5
161,683,10660,3
933,735,9353,2
645,870,4120,2
167,1944,2836,1
843,237,9579,3
1998,1520,5841,5
2107,1293,3174,1
959,627,5536,1
1821,1374,2061,1
980,760,8477,1
226,831,640,2
855,1870,3828,2
2222,901,4093,7
1760,125,8624,1
679,1301,2802,1
98,687,368,3
866,1092,3599,3
441,1343,3389,4
1992,1801,10710,1
704,154,7118,2
2197,1299,4937,1
1598,737,1127,1
1477,1028,833,3
682,446,3565,3
1037,138,6086,1
1519,1495,1763,1
209,150,4697,3
83,1758,182,4
320,41,1165,9
130,638,5386,0
1230,1903,6024,0
2150,231,2678,3
202,387,5790,2
820,1242,236,3
11,1854,6001,2
1357,1662,6250,3
1198,1868,1168,1
1662,530,10749,15
561,1490,2926,3
210,916,716,3
551,1063,6544,3
1034,1907,4298,1
439,344,5823,2
1184,358,8375,3
1502,1352,5723,1
1719,1690,5763,5
1438,1523,8727,3
2127,667,3056,3
782,2226,8442,2
1704,742,3712,1
2081,2237,10722,2
677,1483,2406,3
1964,103,7313,1
733,2018,2656,1
91,1418,1993,3
1479,3,4136,4
1851,2121,2928,2
443,303,2920,2
1210,1972,6661,5
1717,1686,5462,5
995,619,10897,5
689,911,10542,3
2006,2168,5756,2
1884,1162,3570,3
371,445,1072,2
1013,2198,9606,1
160,1815,2730,1
971,593,2995,1
387,161,8210,5
1321,1338,773,7
1957,1697,5272,4
1621,489,5125,1
1227,167,4391,1
1638,1156,6283,1
1345,608,3421,1
310,435,5731,1
1647,1806,7152,1
1137,1416,3919,1
834,1764,6097,9
841,174,5150,2
1420,462,10479,1
1266,1592,5966,5
2033,1658,3439,5
1362,962,6609,1
1804,2191,5393,1
412,1582,9014,4
587,1233,4050,1
1873,607,6862,15
2067,774,8315,1
2134,1465,5184,1
1552,130,3643,1
958,1075,2589,2
7,1261,4887,1
530,920,10104,1
252,461,3254,1
1212,1947,2004,1
414,989,6142,1
603,2003,8553,2
1533,583,9805,4
2034,1597,849,4
339,23,1606,1
1471,1588,125,6
2112,1433,9305,1
805,764,4706,1
1257,1617,4437,2
1505,1665,3081,1
660,1500,3536,2
1291,357,8686,2
1563,1889,9707,3
720,1279,10872,3
755,993,9058,1
92,1176,4640,2
1178,383,2525,2
295,1485,9503,2
1277,1542,10704,2
1755,1826,2669,1
1811,1258,10037,1
498,787,5680,1
1382,1611,3726,1
217,96,4548,1
2207,1798,4599,6
2139,1101,879,6
65,180,7409,2
694,2041,1964,1
723,356,0,1
450,2117,4860,1
1718,1128,425,3
1146,874,9500,3
2065,72,3074,1
916,1724,5140,2
213,533,2611,1
354,2132,916,2
1256,1579,10413,1
1612,871,3696,2
208,1120,304,3
608,634,5113,1
1489,2224,2863,6
251,873,4597,1
1144,1050,675,5
285,539,4483,1
573,1539,1502,2
1126,27,736,2
1143,1131,4487,1
497,861,3412,4
1120,2067,1744,1
448,738,5837,7
1777,2130,3422,1
1786,1698,7462,3
264,550,10702,2
1491,1022,2115,2
1972,162,4138,1
2213,324,11091,2
1089,482,7712,1
102,2098,3535,1
237,1003,5899,1
2141,939,8749,1
139,1189,10955,1
946,849,9491,3
1831,1942,5286,1
713,1518,3409,3
296,1581,2544,1
148,1709,2118,3
1194,5,9370,1
695,1026,4864,4
1371,1780,405,4
1966,773,10513,1
2228,584,5138,1
425,1515,8387,1
979,914,378,2
2137,747,5846,1
89,2106,8870,6
907,199,10340,6
670,2110,7290,1
358,1402,8895,1
1953,1959,3635,3
1484,813,11178,1
1800,24,2410,1
725,2032,3281,6
588,558,9905,5
1494,2026,2437,1
891,457,2565,1
1604,177,7912,2
1918,1533,7072,2
1008,1677,1409,7
512,1501,5314,7
1265,432,7215,0
653,912,8858,4
977,1545,895,3
1666,1396,10313,6
1387,736,642,3
288,771,8504,1
1452,2113,1020,1
222,835,3717,2
1497,1774,7646,4
1224,880,5796,1
377,1647,8625,3
2010,1354,5407,5
899,447,4356,3
510,1406,2886,4
2154,1174,10057,1
1565,739,10741,4
1279,1621,5491,4
912,1344,4442,2
430,1217,3972,6
1524,2210,2431,1
216,484,7899,2
1211,1224,9703,4
1421,1845,6927,8
1287,1572,7005,1
641,79,246,7
1047,385,4796,1
1946,254,4725,1
1741,1725,3286,2
1035,663,10680,1
1001,1049,4297,2
1166,577,7327,3
1543,194,1553,1
1575,141,1665,5
1518,594,10640,5
2028,1319,7620,2
1795,629,7761,2
48,1220,5062,1
925,679,6349,1
482,1747,3386,1
1,917,8175,1
741,140,6245,2
2100,1881,8780,2
1333,1489,2276,5
1838,232,1172,1
1548,779,3225,4
1556,44,8629,1
1517,1788,798,1
974,1085,269,6
1592,65,8213,4
1180,1411,10245,1
1866,1171,2447,2
1577,1091,9817,2
343,1805,1371,1
376,326,8093,1
2036,127,713,1
1021,921,11051,4
191,516,5545,1
1684,987,5283,3
242,1482,5010,2
141,1307,7495,2
892,1166,4368,1
2143,1302,6303,0
2023,1839,1030,2
488,2081,10364,1
1299,102,6945,1
524,2014,8562,1
249,1951,2918,3
424,1817,9167,3
37,788,4743,5
1590,1859,10742,0
1485,2232,10965,1
2144,656,7129,8
318,1056,3732,6
1845,1066,7124,5
1523,1031,10686,1
239,2097,7247,5
402,781,1513,13
495,374,460,1
282,1739,6653,4
314,1645,9400,1
1062,1654,7106,1
927,1565,4252,1
85,2029,9240,2
2009,730,10770,2
627,2112,176,1
804,761,6870,1
1167,952,143,1
1218,732,6445,1
1310,1917,4278,1
1169,2199,6906,1
2188,1246,4637,1
1929,1133,8690,1
1332,1451,1173,1
678,1829,1928,2
1428,540,9029,1
1115,1110,10299,3
1803,1844,9246,4
334,1074,4943,1
712,345,4122,1
187,1068,2853,2
1912,1112,902,1
1623,14,1672,1
1893,156,7254,3
34,2211,8775,3
1159,2070,9543,1
1340,1334,7093,1
1871,487,2894,1
228,1507,5956,5
976,1450,1921,2
2163,1177,5057,2
783,1669,10260,3
10,1140,2262,3
780,1268,7930,2
954,198,1461,2
469,1776,7514,4
1653,504,6461,1
124,957,257,2
403,2019,9460,1
753,1950,3855,1
175,1048,367,5
1865,716,9265,2
1965,1622,1990,1
1388,2180,3594,13
1765,1419,9292,1
1242,104,6218,1
2032,1537,6528,1
1400,1484,10164,1
2146,1993,9937,1
710,1595,274,2
1206,604,5250,1
1459,890,11010,3
1730,580,6969,3
964,1127,10735,1
1043,817,5068,1
1041,1083,9974,1
1676,1441,7053,1
461,2107,3179,0
2090,1387,8082,1
1118,995,1362,1
255,1763,6768,2
212,1005,2375,1
849,1866,6856,3
1892,1676,4066,2
1818,1208,4333,4
2169,1415,2948,1
194,1779,4927,3
77,1125,7426,3
1812,1967,8360,3
886,330,4058,1
1300,1498,10755,3
1401,944,8414,2
417,1812,6810,1
636,1475,3839,5
884,1877,3483,3
1513,1086,238,15
1328,1810,591,2
1535,934,5063,3
1580,1158,4303,0
266,178,2258,1
570,2007,7301,2
1251,1630,11121,4
1350,875,5287,3
1296,1614,6457,2
1270,2196,3559,3
1262,731,5577,1
803,2179,641,1
408,961,954,1
2071,850,1834,1
1778,293,8789,3
47,479,10584,1
1652,796,2337,3
786,1934,6071,1
800,1300,295,1
1509,386,10203,1
146,703,3968,1
1383,82,4037,1
1817,1510,6932,0
577,126,10159,6
349,1122,1177,4
2044,908,9426,4
881,2116,10637,2
672,1902,10826,1
1536,1521,4086,1
781,2213,10304,1
1834,1715,7998,3
1784,1675,10992,5
1460,1820,6383,2
634,1609,10536,2
2205,1710,6036,1
2224,59,11092,2
5,1161,538,1
842,2023,10022,1
1411,229,10157,1
1017,2150,3503,1
181,2114,146,1
1225,1945,5538,0
1082,1333,3910,0
2092,1584,4227,3
1597,2034,6634,1
344,867,8916,1
1283,47,6460,2
1478,1052,5883,3
1585,1353,10091,2
157,427,697,1
389,1836,2607,6
693,1702,8427,1
1157,617,217,1
2131,863,6202,4
404,250,3856,4
491,2100,10648,1
1391,1546,5120,1
1644,128,6749,4
1739,422,1584,6
19,1720,9559,2
438,1578,771,1
1394,1376,5237,3
215,705,2461,2
875,1651,5474,3
681,1291,2895,2
2164,2022,7972,1
1020,1652,10067,1
1878,1531,500,1
527,692,922,2
1430,1593,2861,1
458,1615,375,1
449,52,10936,1
2011,1286,10314,1
1733,1030,4240,2
35,271,2674,1
1073,242,2563,1
752,207,8312,1
722,132,6999,1
1673,1657,7574,1
1636,1799,5223,2
1342,1653,2952,2
270,1195,7683,3
324,1463,9481,4
177,536,9907,2
619,406,5454,1
1130,404,3798,3
76,1288,7281,1
1312,1,4259,1
2088,1132,2549,1
1354,586,6437,1
1280,305,2488,4
1408,1722,3945,2
562,1509,702,4
465,2043,9010,1
384,283,9710,2
45,1409,1509,0
1246,1685,9120,4
1415,1861,5252,1
15,2004,5959,6
743,1751,7441,3
774,605,4271,6
1655,1434,4095,8
269,1294,8852,5
822,1601,7698,1
1151,1760,4174,1
1361,1538,3182,6
1380,2088,193,1
363,756,5229,1
961,1476,5555,0
667,2000,7732,1
629,1684,310,4
1276,1108,6261,3
273,1184,6274,1
2119,959,1655,1
1063,854,2740,4
271,1880,4328,2
53,380,17,4
754,200,9153,3
673,123,520,1
2077,2147,8372,1
447,1831,73,1
1650,1499,2002,1
1014,573,6059,7
136,1656,11166,2
1525,164,6257,1
2051,1649,9224,2
2062,918,8732,4
1796,97,955,7
1079,923,4910,1
1348,632,564,7
153,215,8931,1
1094,726,1998,1
932,1813,1250,1
1150,2229,8397,2
1611,1566,9672,3
99,1632,2125,1
2180,1738,5975,1
2194,1036,983,1
2069,2125,9938,1
2097,741,4385,2
909,1399,1612,2
2239,1243,803,1
188,1674,10675,2
427,1107,7004,3
1244,519,4432,2
331,327,5079,4
1531,1898,4475,1
1942,91,10868,2
1682,1721,6742,1
787,139,5692,1
330,2108,339,2
1102,277,10398,1
135,1065,8017,2
1854,1540,3722,2
1600,2192,7326,1
601,1971,2416,1
506,1552,1878,1
1568,338,5278,1
1011,673,5734,1
666,1350,4370,3
88,1194,8405,2
1463,1718,7617,5
2223,1263,10339,2
766,616,6376,4
456,974,2150,1
432,279,7386,1
2031,145,3006,1
340,681,11088,1
918,1410,5185,1
164,1330,3523,2
948,525,55,4
301,2065,3807,3
182,217,2453,3
1059,2111,7787,3
1464,253,2230,3
1445,1020,8146,1
1123,2188,988,1
259,609,4832,2
904,733,3152,3
1727,2127,11188,3
871,1113,361,1
1480,2066,5939,4
2195,1928,9349,1
913,1452,819,1
1238,1076,10120,2
1883,1404,4541,2
2198,1741,2456,5
1822,362,2516,2
193,803,11013,1
939,1914,9988,3
1444,202,1627,1
2008,1206,1490,5
1245,2175,6710,1
144,763,7375,2
575,1142,10144,2
1763,61,3138,0
1967,25,1440,2
472,99,4200,4
1258,2048,4998,1
797,230,7321,1
1208,953,8663,1
535,2158,1958,6
246,554,6963,1
947,693,1065,1
1660,368,2712,1
2217,1793,6049,1
25,603,6605,1
103,1646,11181,0
1885,1245,5234,2
2175,1363,5253,6
284,1011,11148,1
1723,807,6289,2
205,76,9743,2
1054,1841,9209,1
987,2038,6417,1
1028,359,7937,1
1203,897,6488,1
2059,791,3194,1
2172,1227,231,2
1906,1858,9697,3
794,1424,4676,2
2012,1144,8079,3
1702,1139,10032,4
2103,1116,10505,1
534,1730,2005,2
2149,1735,6940,4
1223,557,2304,2
586,441,3170,1
1214,1421,10466,2
391,2176,7325,1
934,592,455,1
1846,1849,7592,1
1658,1315,4547,2
992,2104,6825,1
1398,1981,2961,2
444,275,8700,3
14,309,2278,2
200,1603,10703,4
1447,157,9,4
952,1994,2804,4
2064,794,4915,4
696,2163,3010,1
289,475,4279,2
652,717,2564,2
1620,1689,1137,1
1289,640,5084,1
777,268,7094,1
819,808,6327,1
522,334,6131,2
313,780,5798,1
1793,1692,10379,5
969,2239,606,1
2111,421,7801,3
292,434,2445,1
2115,697,5346,3
1899,2225,550,2
115,1648,4478,8
1386,588,2350,7
1038,1332,1118,3
1762,1636,1491,2
1750,1976,4507,1
1341,1478,7023,4
323,942,6977,1
21,1138,4042,3
132,719,7274,1
287,984,2902,1
2135,1732,3332,4
2117,464,7433,4
55,1670,9386,1
1649,524,5176,1
1049,1705,10323,2
44,261,4682,1
1476,75,3083,5
742,819,8015,1
1876,2146,1745,1
28,1082,3136,3
434,1999,6991,2
1252,400,8132,5
1373,1417,503,2
395,637,8148,13
579,1752,2736,2
2061,1743,8162,1
828,1214,692,1
1228,1575,7706,6
66,294,9298,1
657,945,2986,1
257,203,10812,1
1163,1474,2909,2
2078,116,6974,1
1067,1679,9140,2
319,1590,4554,4
1273,2134,7791,2
998,1949,5455,3
451,349,7960,1
1941,425,3426,3
2055,1275,5316,1
474,590,1404,4
1844,2011,10598,3
931,300,8212,2
179,505,3233,3
1048,299,7892,2
1971,1519,2975,2
104,51,5043,2
690,636,3104,1
2232,1035,10854,2
1944,1088,7419,2
983,407,5558,1
1131,1369,832,3
2196,1029,4964,1
1005,1309,11030,1
1544,956,4587,1
1417,2013,450,3
1366,170,11031,1
1712,1097,4990,1
1045,396,221,3
806,78,4351,1
929,32,1357,7
486,1024,5667,3
1170,297,8867,1
517,1503,2747,1
537,815,7422,3
1820,319,4148,7
90,1557,9516,2
1904,1664,1291,4
1744,2133,1833,2
988,137,7270,1
1774,1340,8182,4
1928,1041,10394,1
1571,499,1142,2
2121,500,451,1
1436,22,7128,1
1090,471,10678,2
810,559,7755,2
543,315,4754,1
862,424,20,1
405,543,2246,1
2208,978,10307,3
736,1442,2147,1
1558,2016,10590,1
1135,77,6565,2
2129,570,6619,2
1789,551,4817,1
1977,1673,4508,1
626,932,4843,1
2214,624,9197,2
1506,133,6237,0
1499,1188,6515,1
521,144,5954,2
647,2171,7938,2
1898,2136,961,2
1888,452,1764,4
1405,1534,1916,5
2020,776,6941,1
1579,566,5562,2
583,970,1517,1
659,43,7286,1
192,851,4687,1
2004,1827,5631,1
1599,2143,1951,6
850,1160,123,2
599,1912,9451,3
1646,1126,7396,1
1968,15,3298,7
1346,1932,6730,3
936,84,9916,3
2240,55,2227,2
997,9,946,2
203,2087,3745,2
1657,1857,4094,4
1200,2042,8588,4
1661,1586,3916,3
764,143,9135,2
1696,1514,1755,1
1877,1948,2875,1
1197,18,2008,1
183,926,10925,1
1669,1643,1604,3
840,1331,5389,3
1468,1033,2878,2
1550,1969,4440,1
1574,307,1324,2
1593,2118,6262,1
507,1359,3628,2
552,1667,3641,2
2212,744,322,2
592,905,175,2
779,626,6988,2
1609,1554,8204,1
1721,621,7476,4
719,842,5221,4
445,94,8970,4
724,1236,9286,1
481,1626,5831,3
2072,1010,1010,2
2057,2157,11074,1
2159,2172,5896,1
1132,844,3515,1
1406,1412,5324,5
454,1403,6534,1
1824,1146,8373,1
1204,363,3829,1
1179,1335,4501,1
2123,1365,4179,1
1422,768,2292,1
528,34,9239,1
505,1464,8953,2
807,1282,10258,2
1939,1639,3520,0
147,858,10402,2
1980,1318,11114,3
1293,1202,9553,1
1618,722,6055,1
263,1215,4786,4
2024,855,5015,2
117,828,8560,1
2204,935,3469,3
908,496,5885,7
730,2167,3310,7
1841,1773,2134,4
2238,790,2532,1
1093,723,2579,4
801,183,3117,3
1694,1190,5623,1
967,332,4789,1
1687,1797,9523,1
1930,2208,5268,2
1843,1201,1545,6
1916,852,2254,1
112,1574,2661,4
1710,1558,3130,4
1275,1867,5847,3
435,377,5863,4
1794,1865,999,1
342,1796,2931,0
1355,2036,1890,1
1483,1623,5589,3
1624,1946,10172,1
1776,727,6729,1
1932,17,10492,1
1564,759,2939,1
799,553,5948,2
1895,248,574,1
711,456,3266,1
258,106,10500,2
2132,67,7987,4
156,665,1135,5
2161,1325,24,5
1148,1736,7244,3
399,1277,1966,1
2096,1429,7789,1
73,30,3336,3
400,378,5644,2
1110,804,1295,1
1286,1963,6663,1
494,1494,10262,4
1066,476,456,2
606,971,3270,4
1092,408,5748,3
1925,1172,8952,2
1528,134,3921,1
617,1742,9826,1
914,660,5830,1
1534,175,8310,3
1648,2054,6382,1
1278,755,8439,2
2130,856,7613,2
166,1767,48,2
1995,1843,5046,2
1207,896,3231,1
622,1079,7181,2
1154,690,1663,1
1423,998,5441,2
654,793,8602,2
1195,1734,9925,3
894,818,9499,3
2231,1281,6568,1
2039,1367,3032,3
1554,1869,5153,2
525,975,4127,2
883,1560,9940,2
609,1768,7527,3
544,188,3406,4
1096,830,9771,6
691,108,6722,3
1018,1612,213,4
1029,801,8541,2
2133,1511,8475,15
464,1014,8070,1
1823,1886,313,1
2019,1444,9757,1
600,941,2088,1
294,1919,2320,5
386,412,966,6
436,1754,9706,2
1187,1225,3979,1
809,769,5602,1
705,746,2202,1
306,2140,9645,1
955,1703,7230,6
293,2231,5675,6
1738,1342,4974,10
328,197,5687,1
836,1873,5871,3
365,827,3846,4
1068,1695,10001,4
4,379,2831,2
943,274,868,1
2148,1802,7212,1
2085,2031,1743,1
1385,653,2415,3
1426,930,7947,1
2120,429,2106,1
475,336,3363,1
504,1368,8595,2
2016,579,7232,2
1160,1487,7829,1
489,142,9977,3
1078,1884,10142,2
1780,520,5263,1
1561,1290,22,2
1546,393,528,1
1897,528,4070,1
