Consumption_ID,User_ID,Purchase_ID,MntWines,MntFruits,MntMeats,MntFishs,MntSweets,MntGolds
1134,1826,1043,189.0,104.0,379.0,111.0,189.0,218.0
118,1,1473,464.0,5.0,64.0,7.0,0.0,37.0
454,10476,650,134.0,11.0,59.0,15.0,2.0,30.0
837,1386,1192,10.0,0.0,1.0,0.0,0.0,0.0
1724,5371,2119,6.0,16.0,24.0,11.0,0.0,34.0
1265,7348,1230,336.0,130.0,411.0,240.0,32.0,43.0
314,4073,909,769.0,80.0,252.0,15.0,34.0,65.0
787,1991,46,78.0,0.0,11.0,0.0,0.0,7.0
2068,4047,302,384.0,0.0,102.0,21.0,32.0,5.0
697,9477,1525,384.0,0.0,102.0,21.0,32.0,5.0
580,2079,388,450.0,26.0,535.0,73.0,98.0,26.0
1559,5642,1391,140.0,4.0,61.0,0.0,13.0,4.0
238,10530,1876,431.0,82.0,441.0,80.0,20.0,102.0
1789,2964,109,3.0,10.0,8.0,3.0,16.0,32.0
1070,10311,967,16.0,4.0,12.0,2.0,4.0,321.0
2206,837,1170,63.0,6.0,57.0,13.0,13.0,22.0
2176,10521,1550,63.0,6.0,57.0,13.0,13.0,22.0
2133,10175,323,18.0,0.0,2.0,0.0,0.0,2.0
1779,1473,1719,53.0,1.0,5.0,2.0,1.0,10.0
2029,2795,1762,5.0,0.0,3.0,0.0,0.0,5.0
2014,2285,1428,213.0,9.0,76.0,4.0,3.0,30.0
1554,115,1255,275.0,11.0,68.0,25.0,7.0,7.0
819,10470,1629,40.0,2.0,23.0,0.0,4.0,23.0
1885,4065,1610,308.0,0.0,73.0,0.0,0.0,23.0
570,10968,121,266.0,21.0,300.0,65.0,8.0,44.0
2058,5985,1103,80.0,1.0,37.0,0.0,1.0,3.0
1230,5430,436,454.0,0.0,171.0,8.0,19.0,32.0
1190,8432,272,454.0,0.0,171.0,8.0,19.0,32.0
635,453,992,27.0,0.0,12.0,0.0,1.0,5.0
418,9687,196,184.0,174.0,256.0,50.0,30.0,32.0
874,8890,1057,155.0,7.0,80.0,13.0,7.0,10.0
662,9264,729,423.0,42.0,706.0,73.0,197.0,197.0
1948,5824,1311,7.0,0.0,1.0,0.0,0.0,0.0
1788,5794,915,408.0,0.0,21.0,0.0,0.0,17.0
1522,3068,1792,1.0,12.0,9.0,0.0,14.0,7.0
1360,7962,2050,1285.0,21.0,449.0,106.0,20.0,20.0
180,2681,1440,71.0,22.0,112.0,138.0,89.0,29.0
1122,10141,2109,7.0,1.0,6.0,0.0,3.0,3.0
702,3725,1027,1248.0,16.0,349.0,43.0,16.0,16.0
782,3767,1513,378.0,0.0,189.0,97.0,172.0,172.0
8,5585,1204,12.0,2.0,17.0,6.0,1.0,10.0
2187,7030,1472,1200.0,0.0,204.0,38.0,29.0,14.0
712,1524,1955,709.0,45.0,115.0,30.0,160.0,45.0
1376,3657,552,94.0,1.0,33.0,13.0,12.0,12.0
305,5740,2077,4.0,2.0,12.0,7.0,5.0,26.0
621,9595,187,539.0,169.0,816.0,20.0,0.0,30.0
764,3158,1455,13.0,3.0,6.0,6.0,5.0,6.0
300,5114,389,670.0,9.0,249.0,0.0,28.0,9.0
2153,340,1059,158.0,35.0,179.0,0.0,0.0,125.0
693,8805,2033,283.0,10.0,38.0,0.0,13.0,27.0
1397,1241,448,13.0,3.0,8.0,7.0,4.0,16.0
79,1402,1371,496.0,36.0,460.0,189.0,60.0,12.0
1032,7264,1925,12.0,0.0,4.0,0.0,0.0,1.0
253,1619,1896,292.0,51.0,981.0,224.0,23.0,17.0
1017,6398,684,7.0,10.0,13.0,16.0,0.0,4.0
1005,1857,325,46.0,0.0,12.0,0.0,2.0,23.0
1758,4877,195,34.0,0.0,7.0,0.0,0.0,0.0
2096,3066,1329,167.0,0.0,43.0,6.0,2.0,13.0
953,10286,980,318.0,8.0,407.0,150.0,35.0,8.0
170,1992,151,522.0,0.0,257.0,32.0,16.0,66.0
647,4246,1289,67.0,11.0,26.0,4.0,3.0,262.0
106,10623,783,28.0,0.0,4.0,0.0,0.0,0.0
2003,4867,1348,58.0,0.0,18.0,2.0,0.0,10.0
878,3112,508,2.0,4.0,9.0,0.0,4.0,5.0
210,4865,11,229.0,7.0,140.0,10.0,3.0,11.0
997,6287,2015,14.0,0.0,16.0,0.0,0.0,6.0
1742,4405,982,622.0,7.0,115.0,30.0,0.0,15.0
82,5332,885,362.0,50.0,431.0,134.0,35.0,54.0
1645,1519,176,38.0,4.0,22.0,3.0,3.0,3.0
1355,9080,483,38.0,4.0,22.0,3.0,3.0,3.0
986,1772,186,1074.0,37.0,518.0,193.0,92.0,129.0
1011,5341,2212,983.0,76.0,184.0,180.0,138.0,27.0
336,5510,1491,262.0,6.0,61.0,0.0,10.0,102.0
1243,3887,928,3.0,17.0,26.0,20.0,1.0,39.0
1749,7022,2173,739.0,107.0,309.0,140.0,80.0,35.0
1498,9999,1606,610.0,105.0,125.0,137.0,42.0,21.0
1747,10352,1634,50.0,4.0,28.0,6.0,3.0,26.0
634,7919,420,1285.0,105.0,653.0,28.0,21.0,0.0
796,4114,1543,650.0,37.0,780.0,27.0,167.0,32.0
1663,7990,352,9.0,1.0,2.0,3.0,2.0,0.0
460,9888,339,458.0,81.0,356.0,106.0,50.0,40.0
571,4399,1054,458.0,81.0,356.0,106.0,50.0,40.0
1001,4452,1591,292.0,6.0,37.0,0.0,3.0,34.0
1777,4785,288,520.0,7.0,154.0,19.0,0.0,14.0
976,8461,1553,14.0,0.0,1.0,0.0,0.0,1.0
171,3878,2214,3.0,4.0,7.0,15.0,8.0,11.0
1390,9612,1927,1.0,8.0,6.0,4.0,8.0,16.0
1970,4098,1077,20.0,3.0,16.0,0.0,4.0,1.0
103,158,927,345.0,53.0,528.0,98.0,75.0,97.0
1653,3896,2049,22.0,1.0,11.0,0.0,1.0,2.0
1670,9970,1372,42.0,11.0,57.0,10.0,28.0,14.0
1500,4002,1430,463.0,96.0,333.0,168.0,53.0,10.0
2080,10914,1882,4.0,1.0,7.0,2.0,1.0,2.0
1901,7279,1599,260.0,86.0,559.0,63.0,9.0,67.0
209,10582,1123,180.0,32.0,348.0,76.0,32.0,90.0
186,4470,1926,62.0,1.0,44.0,6.0,5.0,22.0
1444,6183,259,62.0,1.0,44.0,6.0,5.0,22.0
1938,6379,2204,67.0,1.0,20.0,0.0,2.0,31.0
2035,8601,129,421.0,76.0,536.0,82.0,178.0,102.0
487,4827,1962,154.0,22.0,202.0,39.0,30.0,8.0
2188,6715,2201,502.0,19.0,132.0,0.0,6.0,26.0
432,10676,1039,145.0,193.0,459.0,205.0,26.0,145.0
5,1041,985,322.0,3.0,50.0,4.0,3.0,42.0
1526,492,2142,322.0,3.0,50.0,4.0,3.0,42.0
145,11133,1324,322.0,3.0,50.0,4.0,3.0,42.0
138,4491,887,1099.0,0.0,45.0,0.0,0.0,34.0
1704,873,2046,1099.0,0.0,45.0,0.0,0.0,34.0
1149,1631,1910,890.0,63.0,292.0,0.0,25.0,12.0
1448,8278,2149,863.0,83.0,547.0,86.0,99.0,33.0
402,6815,1916,448.0,21.0,125.0,52.0,101.0,62.0
499,254,40,399.0,4.0,30.0,6.0,4.0,30.0
1787,1349,20,85.0,7.0,24.0,2.0,3.0,27.0
1713,2534,1466,97.0,1.0,41.0,6.0,2.0,41.0
893,2130,2071,35.0,3.0,67.0,10.0,8.0,24.0
2017,2296,1714,3.0,2.0,11.0,2.0,2.0,10.0
1419,3799,826,315.0,35.0,322.0,46.0,7.0,143.0
828,11084,488,738.0,0.0,232.0,13.0,20.0,50.0
383,5172,678,738.0,0.0,232.0,13.0,20.0,50.0
713,9504,883,179.0,28.0,520.0,111.0,123.0,47.0
392,850,118,381.0,28.0,215.0,84.0,28.0,21.0
857,4477,1228,247.0,49.0,159.0,7.0,82.0,109.0
1114,1945,1755,711.0,36.0,217.0,172.0,96.0,168.0
510,7685,1479,30.0,8.0,12.0,8.0,8.0,12.0
649,6310,74,30.0,8.0,12.0,8.0,8.0,12.0
290,10832,1672,288.0,10.0,30.0,4.0,10.0,125.0
1654,3025,1834,212.0,6.0,69.0,4.0,12.0,3.0
1964,2404,1920,173.0,4.0,30.0,3.0,6.0,41.0
879,8581,1046,604.0,0.0,100.0,19.0,0.0,28.0
160,8755,1084,482.0,34.0,471.0,119.0,68.0,22.0
661,10177,163,531.0,69.0,300.0,150.0,138.0,150.0
1884,2429,1567,531.0,69.0,300.0,150.0,138.0,150.0
1997,8920,1936,448.0,40.0,469.0,80.0,0.0,91.0
183,8430,646,9.0,0.0,6.0,3.0,1.0,3.0
1285,8619,1337,9.0,0.0,6.0,3.0,1.0,3.0
2126,8996,610,230.0,42.0,192.0,49.0,37.0,53.0
805,7233,2079,496.0,32.0,849.0,229.0,48.0,128.0
545,6678,641,33.0,4.0,24.0,4.0,2.0,5.0
1580,830,782,784.0,48.0,560.0,42.0,176.0,48.0
538,6365,1437,10.0,12.0,12.0,25.0,1.0,20.0
2228,6770,2105,5.0,13.0,14.0,0.0,5.0,31.0
2111,2261,1997,4.0,1.0,5.0,2.0,0.0,4.0
1127,1031,209,600.0,20.0,350.0,29.0,30.0,33.0
1402,10089,527,168.0,148.0,444.0,32.0,172.0,148.0
2025,9256,1468,493.0,26.0,206.0,116.0,80.0,80.0
609,10641,1253,6.0,5.0,4.0,13.0,4.0,25.0
433,624,1977,6.0,4.0,1.0,7.0,2.0,15.0
640,4211,1502,4.0,12.0,5.0,3.0,16.0,17.0
1573,1407,1012,4.0,12.0,5.0,3.0,16.0,17.0
1063,10356,1380,29.0,0.0,2.0,0.0,0.0,1.0
524,9323,331,520.0,8.0,223.0,32.0,49.0,42.0
1204,1146,537,520.0,8.0,223.0,32.0,49.0,42.0
2189,6343,2091,835.0,73.0,380.0,114.0,73.0,43.0
366,8545,891,1296.0,17.0,311.0,45.0,69.0,51.0
202,8275,1081,16.0,0.0,3.0,0.0,0.0,1.0
1895,10673,947,760.0,80.0,466.0,17.0,13.0,80.0
105,8799,1785,70.0,6.0,69.0,2.0,3.0,3.0
420,67,2009,68.0,0.0,16.0,0.0,0.0,8.0
45,9923,1863,68.0,0.0,16.0,0.0,0.0,8.0
1068,2814,1244,9.0,1.0,5.0,4.0,5.0,7.0
1750,2711,954,9.0,1.0,5.0,4.0,5.0,7.0
1768,4320,264,325.0,83.0,300.0,86.0,58.0,91.0
2119,10451,2223,9.0,1.0,3.0,0.0,4.0,8.0
2098,4198,884,9.0,1.0,3.0,0.0,4.0,8.0
1223,10814,205,303.0,23.0,751.0,82.0,26.0,191.0
724,944,1895,121.0,103.0,69.0,8.0,44.0,48.0
2040,8151,718,16.0,36.0,21.0,20.0,62.0,108.0
1800,6184,676,561.0,64.0,785.0,84.0,128.0,48.0
573,3498,1530,462.0,61.0,184.0,10.0,53.0,107.0
1215,2870,1961,376.0,0.0,38.0,11.0,8.0,69.0
2077,7342,931,341.0,142.0,113.0,259.0,151.0,66.0
949,1911,216,595.0,97.0,291.0,127.0,133.0,121.0
1728,10862,1118,179.0,8.0,83.0,19.0,11.0,26.0
2145,2546,825,23.0,4.0,5.0,10.0,5.0,23.0
1933,3005,110,530.0,117.0,678.0,134.0,44.0,147.0
1312,8318,805,594.0,134.0,786.0,33.0,134.0,57.0
1033,2930,529,852.0,60.0,207.0,78.0,36.0,48.0
1817,8216,1908,158.0,0.0,76.0,13.0,7.0,71.0
1108,1212,845,384.0,25.0,292.0,130.0,41.0,64.0
1304,2541,546,14.0,7.0,11.0,11.0,0.0,5.0
1896,10659,680,2.0,8.0,11.0,3.0,8.0,21.0
1112,10905,120,194.0,2.0,56.0,0.0,0.0,0.0
1694,8910,936,194.0,2.0,56.0,0.0,0.0,0.0
97,7349,1016,6.0,17.0,16.0,6.0,16.0,42.0
1379,7872,35,179.0,21.0,273.0,0.0,21.0,63.0
1995,4290,459,1.0,3.0,8.0,2.0,5.0,5.0
727,7408,1548,216.0,2.0,6.0,0.0,0.0,9.0
1860,9986,698,16.0,0.0,23.0,3.0,2.0,10.0
887,8235,1933,428.0,30.0,214.0,80.0,30.0,61.0
1717,10949,1717,1092.0,37.0,592.0,145.0,37.0,55.0
271,7284,292,10.0,0.0,7.0,2.0,0.0,1.0
1574,9529,734,559.0,153.0,503.0,218.0,13.0,181.0
1392,9930,699,606.0,148.0,228.0,15.0,148.0,22.0
1493,10270,306,11.0,5.0,22.0,12.0,5.0,11.0
2233,760,1943,588.0,7.0,76.0,110.0,15.0,15.0
2136,5519,395,316.0,58.0,161.0,76.0,51.0,135.0
1735,232,792,279.0,83.0,88.0,32.0,14.0,34.0
2194,3009,715,1462.0,16.0,128.0,0.0,0.0,160.0
867,6518,1536,546.0,0.0,48.0,0.0,6.0,6.0
1952,10669,147,277.0,21.0,64.0,62.0,21.0,25.0
1247,5682,1316,948.0,10.0,86.0,13.0,21.0,21.0
1251,1570,2186,664.0,9.0,240.0,50.0,19.0,57.0
317,1497,2059,268.0,11.0,88.0,15.0,3.0,22.0
1744,9723,2178,530.0,142.0,217.0,62.0,9.0,56.0
2175,7261,615,199.0,33.0,60.0,8.0,3.0,15.0
2103,2452,1008,199.0,33.0,60.0,8.0,3.0,15.0
1820,5621,702,73.0,57.0,100.0,71.0,15.0,0.0
1682,10995,814,16.0,5.0,30.0,8.0,7.0,26.0
1035,7373,7,96.0,12.0,96.0,33.0,22.0,43.0
2236,5331,1448,587.0,51.0,898.0,247.0,0.0,86.0
1956,263,1470,56.0,19.0,29.0,2.0,14.0,25.0
832,4619,1939,6.0,2.0,3.0,1.0,262.0,3.0
619,940,709,158.0,11.0,99.0,15.0,11.0,17.0
1556,10084,2221,3.0,2.0,8.0,20.0,0.0,17.0
1453,6019,1193,45.0,3.0,9.0,4.0,4.0,7.0
101,1463,263,8.0,2.0,5.0,3.0,0.0,3.0
285,6424,1604,12.0,6.0,2.0,11.0,2.0,16.0
1612,8233,574,508.0,5.0,21.0,7.0,5.0,10.0
1773,1515,1594,11.0,2.0,7.0,4.0,2.0,2.0
888,10855,382,234.0,14.0,77.0,19.0,10.0,42.0
690,10909,1425,992.0,24.0,694.0,51.0,19.0,119.0
1857,3376,1821,125.0,6.0,73.0,8.0,4.0,19.0
2008,10232,453,174.0,18.0,81.0,28.0,6.0,24.0
2074,5547,565,1478.0,19.0,403.0,0.0,19.0,0.0
380,8362,136,1478.0,19.0,403.0,0.0,19.0,0.0
899,3524,701,80.0,1.0,60.0,4.0,6.0,16.0
961,10095,335,1001.0,12.0,240.0,16.0,12.0,12.0
1848,8897,1704,392.0,5.0,91.0,28.0,26.0,112.0
116,466,1183,388.0,14.0,218.0,91.0,14.0,21.0
2190,11025,478,65.0,0.0,46.0,4.0,3.0,20.0
1519,2387,244,177.0,2.0,71.0,3.0,2.0,20.0
2063,1618,1481,577.0,0.0,64.0,0.0,0.0,51.0
897,25,1037,460.0,35.0,422.0,33.0,12.0,153.0
2086,3277,822,219.0,3.0,100.0,26.0,0.0,17.0
963,8566,267,5.0,0.0,3.0,0.0,0.0,1.0
1373,2634,12,5.0,7.0,31.0,15.0,4.0,7.0
359,8036,1047,31.0,1.0,13.0,7.0,2.0,9.0
1153,8159,628,117.0,0.0,22.0,13.0,0.0,30.0
41,7628,1628,30.0,5.0,24.0,6.0,3.0,8.0
17,9597,1283,236.0,106.0,189.0,23.0,41.0,130.0
1881,1384,758,6.0,4.0,14.0,8.0,8.0,22.0
1456,10150,2128,464.0,28.0,873.0,29.0,18.0,37.0
360,3885,1303,16.0,2.0,18.0,3.0,0.0,24.0
1188,11003,893,2.0,5.0,7.0,0.0,18.0,18.0
1719,8026,1765,120.0,58.0,73.0,65.0,89.0,58.0
307,577,899,9.0,1.0,7.0,0.0,3.0,2.0
1163,8702,1460,9.0,1.0,7.0,0.0,3.0,2.0
1596,5429,281,145.0,1.0,33.0,2.0,1.0,1.0
34,977,1750,200.0,19.0,111.0,50.0,15.0,19.0
1826,2793,122,532.0,88.0,168.0,69.0,44.0,133.0
403,1071,37,532.0,88.0,168.0,69.0,44.0,133.0
1415,5074,371,30.0,0.0,10.0,2.0,0.0,5.0
1882,2632,353,297.0,0.0,38.0,13.0,0.0,152.0
483,6404,1197,151.0,7.0,89.0,0.0,7.0,28.0
583,10240,1745,997.0,26.0,269.0,34.0,13.0,42.0
1613,2521,1986,23.0,1.0,13.0,2.0,2.0,18.0
60,4301,502,23.0,1.0,13.0,2.0,2.0,18.0
671,7381,1570,797.0,153.0,293.0,72.0,97.0,30.0
721,2407,1159,823.0,25.0,459.0,124.0,29.0,95.0
364,9064,2218,823.0,25.0,459.0,124.0,29.0,95.0
1345,5067,1892,966.0,26.0,282.0,52.0,26.0,26.0
1721,10281,1096,180.0,60.0,241.0,13.0,54.0,54.0
1336,11191,57,37.0,32.0,38.0,11.0,3.0,18.0
252,1994,2184,5.0,5.0,6.0,0.0,2.0,1.0
426,2552,1032,416.0,0.0,26.0,0.0,0.0,4.0
1338,6720,1210,314.0,11.0,53.0,4.0,3.0,107.0
1446,4557,2156,10.0,7.0,19.0,8.0,2.0,21.0
239,1183,1070,9.0,1.0,4.0,3.0,2.0,3.0
1891,4186,1782,18.0,6.0,15.0,12.0,8.0,17.0
1490,1419,318,18.0,6.0,15.0,12.0,8.0,17.0
1958,967,2139,342.0,9.0,112.0,19.0,14.0,19.0
839,1048,1803,63.0,3.0,67.0,8.0,9.0,28.0
1113,9262,391,20.0,6.0,5.0,0.0,9.0,12.0
762,3427,2161,629.0,0.0,70.0,0.0,0.0,35.0
1158,5892,212,158.0,6.0,45.0,8.0,2.0,2.0
1614,8911,92,201.0,53.0,172.0,116.0,77.0,83.0
142,6606,1887,964.0,34.0,137.0,15.0,0.0,11.0
917,2677,1212,72.0,24.0,68.0,65.0,4.0,8.0
1795,252,1165,123.0,133.0,142.0,71.0,44.0,88.0
548,9860,1454,159.0,0.0,22.0,2.0,1.0,31.0
2200,1388,1488,6.0,10.0,21.0,19.0,14.0,42.0
236,979,1624,6.0,10.0,21.0,19.0,14.0,42.0
1015,7494,239,209.0,0.0,40.0,3.0,2.0,15.0
802,10490,1247,100.0,64.0,79.0,65.0,0.0,109.0
1182,3403,949,1170.0,19.0,594.0,99.0,76.0,134.0
208,2715,767,70.0,3.0,37.0,4.0,2.0,64.0
59,4828,1093,71.0,99.0,278.0,185.0,121.0,38.0
2104,92,70,5.0,7.0,24.0,19.0,14.0,20.0
334,3312,135,5.0,7.0,24.0,19.0,14.0,20.0
2131,11176,2145,376.0,9.0,83.0,19.0,4.0,4.0
476,1446,1706,387.0,68.0,569.0,89.0,45.0,68.0
319,9699,1635,357.0,35.0,271.0,28.0,28.0,14.0
1992,9790,933,912.0,72.0,170.0,47.0,36.0,97.0
179,2324,1573,625.0,38.0,242.0,50.0,34.0,76.0
1562,5080,19,420.0,0.0,452.0,182.0,64.0,140.0
1973,4992,515,6.0,4.0,16.0,3.0,10.0,30.0
1211,7849,2063,209.0,19.0,456.0,160.0,142.0,66.0
1513,4808,370,1.0,2.0,5.0,6.0,0.0,3.0
1056,10401,548,1.0,0.0,5.0,0.0,3.0,9.0
240,7793,1556,641.0,7.0,84.0,0.0,30.0,38.0
2094,9303,2151,12.0,4.0,7.0,1.0,3.0,5.0
270,6853,2160,712.0,26.0,538.0,69.0,13.0,80.0
516,7366,1270,712.0,26.0,538.0,69.0,13.0,80.0
1982,9780,1823,465.0,25.0,132.0,136.0,0.0,37.0
797,7573,1069,39.0,1.0,9.0,2.0,1.0,34.0
1616,1379,2051,154.0,2.0,46.0,20.0,4.0,15.0
1890,8923,1453,514.0,22.0,732.0,42.0,198.0,79.0
833,3547,2017,14.0,7.0,9.0,6.0,16.0,12.0
203,8707,1607,565.0,42.0,548.0,64.0,83.0,99.0
1238,1891,1346,667.0,50.0,850.0,21.0,83.0,83.0
62,6271,1874,53.0,0.0,8.0,0.0,0.0,2.0
1511,9635,2012,66.0,2.0,40.0,4.0,3.0,14.0
85,9727,54,4.0,24.0,11.0,16.0,1.0,25.0
1532,6205,1701,34.0,3.0,29.0,0.0,4.0,10.0
217,10681,1641,129.0,129.0,259.0,168.0,121.0,83.0
1393,5156,654,129.0,129.0,259.0,168.0,121.0,83.0
1259,3050,824,185.0,0.0,28.0,3.0,2.0,17.0
1606,8164,1549,1023.0,93.0,651.0,49.0,55.0,37.0
1359,5626,655,338.0,4.0,89.0,11.0,8.0,13.0
1839,7600,1251,1.0,3.0,3.0,8.0,1.0,13.0
1683,6406,662,647.0,107.0,391.0,175.0,67.0,40.0
1940,7002,865,163.0,48.0,90.0,0.0,45.0,52.0
1455,8234,772,1.0,6.0,7.0,0.0,1.0,3.0
1253,6116,1009,19.0,13.0,18.0,10.0,7.0,8.0
1294,291,1232,182.0,74.0,298.0,162.0,149.0,116.0
189,8779,2159,56.0,4.0,76.0,17.0,1.0,18.0
2033,4931,1828,1.0,0.0,1725.0,2.0,1.0,1.0
1898,1650,48,779.0,86.0,537.0,34.0,69.0,138.0
812,9701,2101,32.0,34.0,41.0,73.0,16.0,116.0
1910,6431,491,42.0,1.0,18.0,3.0,0.0,4.0
757,10789,618,42.0,1.0,18.0,3.0,0.0,4.0
755,5302,257,298.0,27.0,697.0,216.0,24.0,166.0
668,4459,1964,10.0,4.0,14.0,4.0,4.0,1.0
1378,10642,411,10.0,4.0,14.0,4.0,4.0,1.0
739,9213,245,4.0,1.0,5.0,2.0,0.0,3.0
1423,3678,1492,488.0,23.0,71.0,15.0,0.0,59.0
1981,3698,1384,817.0,185.0,687.0,145.0,55.0,241.0
480,5929,669,19.0,3.0,19.0,3.0,1.0,3.0
211,10795,1135,19.0,3.0,19.0,3.0,1.0,3.0
2088,4390,1089,459.0,15.0,171.0,142.0,23.0,31.0
1208,9362,839,492.0,5.0,32.0,13.0,5.0,21.0
102,1577,1842,558.0,79.0,622.0,207.0,175.0,95.0
9,4609,90,383.0,0.0,53.0,6.0,4.0,40.0
246,7143,285,209.0,162.0,209.0,41.0,162.0,37.0
53,1729,889,1043.0,24.0,97.0,32.0,24.0,157.0
1714,10664,1219,400.0,4.0,35.0,6.0,0.0,22.0
1079,5029,235,3.0,1.0,2.0,4.0,3.0,1.0
1505,10507,260,691.0,7.0,69.0,0.0,7.0,23.0
1770,3865,2085,2.0,12.0,10.0,6.0,13.0,30.0
2125,6982,56,783.0,30.0,537.0,140.0,76.0,15.0
66,7042,1562,3.0,3.0,14.0,15.0,21.0,10.0
1324,9668,879,4.0,16.0,20.0,0.0,17.0,20.0
876,6878,991,43.0,12.0,96.0,78.0,40.0,55.0
989,4099,1804,10.0,2.0,16.0,11.0,2.0,21.0
1533,5031,555,777.0,35.0,731.0,39.0,137.0,114.0
335,1970,1471,63.0,0.0,21.0,7.0,0.0,12.0
1809,5726,1394,16.0,7.0,23.0,0.0,8.0,6.0
1427,5231,470,27.0,2.0,7.0,0.0,2.0,13.0
1262,1307,857,27.0,5.0,8.0,8.0,3.0,12.0
1577,10609,816,71.0,0.0,13.0,3.0,1.0,0.0
1644,5782,859,402.0,35.0,106.0,101.0,77.0,42.0
919,7533,1968,144.0,1.0,32.0,2.0,1.0,7.0
954,9493,1408,840.0,53.0,804.0,23.0,71.0,17.0
146,2253,1929,32.0,0.0,8.0,23.0,4.0,18.0
1930,2326,71,32.0,0.0,8.0,23.0,4.0,18.0
400,1876,1544,32.0,0.0,8.0,23.0,4.0,18.0
740,7141,1262,88.0,10.0,46.0,2.0,3.0,64.0
1528,7393,910,56.0,5.0,24.0,4.0,0.0,3.0
822,4713,1642,74.0,0.0,42.0,2.0,1.0,6.0
465,5093,1364,40.0,3.0,30.0,10.0,7.0,11.0
1277,8524,1235,40.0,3.0,30.0,10.0,7.0,11.0
1729,3766,192,100.0,71.0,243.0,108.0,94.0,219.0
2089,9725,1098,8.0,0.0,3.0,0.0,0.0,1.0
466,8933,1984,26.0,3.0,23.0,4.0,7.0,3.0
959,10779,938,15.0,5.0,14.0,0.0,4.0,11.0
1664,9289,372,29.0,1.0,17.0,0.0,3.0,13.0
1364,2613,666,162.0,6.0,37.0,6.0,13.0,13.0
111,10133,1153,1302.0,68.0,731.0,89.0,114.0,45.0
81,8443,49,6.0,10.0,12.0,3.0,15.0,40.0
2138,10796,1328,47.0,1.0,6.0,0.0,0.0,12.0
848,10241,876,0.0,0.0,0.0,6.0,2.0,6.0
847,3388,507,129.0,26.0,67.0,3.0,67.0,2.0
1975,6507,743,16.0,11.0,15.0,2.0,0.0,12.0
912,7446,262,520.0,42.0,98.0,0.0,42.0,14.0
1638,87,1383,0.0,7.0,5.0,26.0,2.0,17.0
1911,10477,689,71.0,0.0,18.0,0.0,0.0,13.0
347,6072,449,918.0,57.0,842.0,99.0,38.0,133.0
1893,2518,1211,5.0,4.0,5.0,4.0,2.0,10.0
836,247,704,172.0,10.0,125.0,21.0,13.0,16.0
1794,9463,620,931.0,56.0,253.0,91.0,98.0,14.0
201,1459,184,666.0,35.0,124.0,69.0,8.0,26.0
275,9530,1358,5.0,3.0,4.0,4.0,1.0,0.0
773,9653,316,27.0,1.0,14.0,4.0,1.0,21.0
2122,10785,10,24.0,1.0,10.0,2.0,0.0,4.0
1354,9392,1449,4.0,1.0,11.0,0.0,0.0,1.0
2030,3769,1250,25.0,1.0,13.0,0.0,0.0,3.0
974,10146,1053,25.0,1.0,13.0,0.0,0.0,3.0
1651,4741,227,391.0,32.0,70.0,21.0,32.0,16.0
637,1880,1181,81.0,0.0,6.0,0.0,0.0,6.0
747,6471,2230,14.0,2.0,30.0,8.0,2.0,3.0
274,5718,68,674.0,168.0,108.0,192.0,42.0,231.0
259,3478,1438,267.0,42.0,309.0,55.0,42.0,21.0
975,7848,124,224.0,2.0,25.0,7.0,0.0,110.0
1451,7999,1336,1239.0,17.0,413.0,23.0,34.0,17.0
1944,11101,1620,412.0,22.0,132.0,59.0,28.0,183.0
1966,9212,652,1205.0,0.0,235.0,19.0,14.0,205.0
1102,10983,881,304.0,98.0,230.0,150.0,74.0,74.0
1763,3629,1001,76.0,3.0,31.0,4.0,4.0,27.0
1457,4673,1835,1004.0,12.0,145.0,32.0,12.0,36.0
16,796,1800,584.0,44.0,212.0,46.0,8.0,177.0
2108,618,1104,422.0,7.0,238.0,69.0,46.0,15.0
760,380,2092,1170.0,48.0,320.0,42.0,32.0,192.0
1186,1092,190,269.0,129.0,495.0,182.0,43.0,29.0
1458,8962,633,26.0,0.0,8.0,0.0,0.0,3.0
2070,8207,256,28.0,0.0,9.0,3.0,0.0,0.0
1358,6521,1109,613.0,22.0,319.0,33.0,102.0,12.0
1899,535,342,163.0,23.0,424.0,27.0,65.0,76.0
1764,4608,333,163.0,23.0,424.0,27.0,65.0,76.0
68,11086,469,1.0,6.0,2.0,3.0,6.0,3.0
737,1064,211,22.0,1.0,11.0,0.0,5.0,3.0
2051,7000,1386,279.0,172.0,74.0,38.0,8.0,246.0
1815,1581,708,2.0,0.0,8.0,2.0,2.0,3.0
1072,7384,1960,113.0,61.0,204.0,34.0,26.0,47.0
43,10552,1209,70.0,54.0,109.0,80.0,9.0,45.0
2064,6409,89,267.0,140.0,599.0,34.0,12.0,127.0
742,9507,1808,261.0,23.0,73.0,4.0,23.0,50.0
1475,9560,113,856.0,61.0,570.0,40.0,25.0,122.0
178,10991,1456,454.0,194.0,106.0,31.0,22.0,43.0
1842,4712,1940,8.0,8.0,22.0,24.0,11.0,9.0
1701,11056,2064,546.0,91.0,410.0,119.0,0.0,22.0
1131,7414,1973,96.0,1.0,42.0,12.0,3.0,32.0
1931,3076,228,452.0,18.0,102.0,16.0,18.0,6.0
1110,6355,888,20.0,0.0,14.0,7.0,3.0,1.0
682,7959,696,658.0,80.0,483.0,123.0,13.0,13.0
1617,5512,1087,451.0,0.0,39.0,0.0,4.0,24.0
1380,10102,1504,395.0,183.0,565.0,166.0,141.0,28.0
1834,9369,2044,688.0,14.0,309.0,201.0,24.0,38.0
2231,3711,1323,1035.0,134.0,670.0,25.0,38.0,0.0
376,6931,417,464.0,151.0,292.0,65.0,60.0,30.0
276,9596,119,365.0,32.0,117.0,34.0,110.0,6.0
344,2727,1922,181.0,21.0,69.0,39.0,3.0,96.0
2059,8416,1598,6.0,6.0,15.0,10.0,5.0,2.0
2157,3967,1712,331.0,197.0,170.0,58.0,152.0,35.0
1648,2139,1222,3.0,1.0,10.0,3.0,2.0,12.0
2182,2162,1111,256.0,34.0,103.0,90.0,29.0,49.0
2071,9242,243,836.0,185.0,575.0,24.0,25.0,77.0
852,10595,361,2.0,6.0,28.0,13.0,4.0,16.0
1879,4855,1199,14.0,0.0,24.0,3.0,3.0,2.0
318,5049,98,14.0,0.0,24.0,3.0,3.0,2.0
1883,4967,1264,233.0,0.0,23.0,0.0,0.0,12.0
1255,5255,1602,5.0,1.0,3.0,3.0,263.0,362.0
162,9215,1274,378.0,0.0,101.0,0.0,0.0,72.0
1941,3525,833,12.0,0.0,4.0,0.0,0.0,1.0
56,3619,1420,345.0,25.0,501.0,63.0,138.0,80.0
1960,4415,223,10.0,4.0,4.0,3.0,3.0,14.0
660,3645,753,19.0,3.0,26.0,10.0,9.0,3.0
2135,4692,1904,7.0,0.0,12.0,13.0,7.0,32.0
299,3955,438,2.0,1.0,1.0,1.0,0.0,1.0
956,5313,538,30.0,0.0,11.0,0.0,0.0,3.0
2132,7196,4,9.0,0.0,3.0,0.0,0.0,1.0
2222,1381,1276,172.0,3.0,115.0,16.0,0.0,18.0
1627,10951,443,279.0,0.0,18.0,0.0,0.0,9.0
992,4322,114,881.0,38.0,319.0,16.0,25.0,12.0
630,7444,1119,19.0,0.0,9.0,0.0,0.0,2.0
1484,2942,423,305.0,3.0,27.0,4.0,3.0,144.0
212,2874,1979,6.0,4.0,7.0,4.0,3.0,8.0
1902,3667,596,778.0,178.0,689.0,41.0,27.0,44.0
1538,3697,2126,69.0,8.0,26.0,12.0,7.0,12.0
1388,9955,937,69.0,8.0,26.0,12.0,7.0,12.0
401,5320,1154,79.0,7.0,58.0,6.0,3.0,18.0
310,6422,2078,344.0,189.0,482.0,50.0,33.0,172.0
131,3690,1431,1184.0,102.0,673.0,52.0,40.0,40.0
2184,2408,2082,490.0,0.0,184.0,10.0,28.0,21.0
1833,9260,328,1349.0,16.0,249.0,43.0,16.0,33.0
327,9648,648,153.0,4.0,56.0,0.0,9.0,31.0
1908,4939,1067,84.0,5.0,38.0,150.0,12.0,28.0
2192,8652,1218,84.0,5.0,38.0,150.0,12.0,28.0
851,4702,218,1000.0,155.0,379.0,224.0,17.0,120.0
792,2587,2028,14.0,0.0,6.0,0.0,0.0,0.0
169,2811,1825,52.0,0.0,9.0,0.0,0.0,1.0
1604,9150,1683,52.0,0.0,9.0,0.0,0.0,1.0
501,10127,1918,301.0,11.0,61.0,4.0,7.0,11.0
920,5493,1389,15.0,0.0,2.0,0.0,0.0,6.0
1990,2666,1731,519.0,50.0,167.0,130.0,0.0,41.0
1607,10099,247,238.0,115.0,215.0,169.0,69.0,76.0
184,10562,556,620.0,26.0,195.0,34.0,17.0,141.0
25,7881,148,620.0,26.0,195.0,34.0,17.0,141.0
779,6721,1435,572.0,19.0,286.0,50.0,38.0,248.0
985,5204,2220,380.0,98.0,733.0,110.0,112.0,28.0
706,5209,1284,443.0,5.0,71.0,21.0,16.0,82.0
2237,10128,390,620.0,16.0,165.0,0.0,24.0,82.0
1109,9284,1633,620.0,16.0,165.0,0.0,24.0,82.0
1290,8643,348,252.0,98.0,827.0,219.0,70.0,196.0
143,1685,996,796.0,14.0,590.0,38.0,44.0,0.0
411,2877,418,410.0,0.0,59.0,19.0,9.0,44.0
927,8369,2193,1.0,2.0,7.0,4.0,3.0,11.0
866,6233,497,507.0,19.0,364.0,25.0,47.0,9.0
493,195,1497,125.0,17.0,52.0,3.0,19.0,30.0
891,1501,1385,55.0,16.0,1622.0,17.0,3.0,4.0
1030,10846,1019,327.0,9.0,125.0,25.0,4.0,139.0
288,8341,1182,15.0,0.0,6.0,0.0,1.0,12.0
752,10766,172,397.0,19.0,69.0,12.0,0.0,9.0
625,9971,81,397.0,19.0,69.0,12.0,0.0,9.0
526,1740,2148,760.0,38.0,104.0,50.0,9.0,38.0
182,8737,838,29.0,1.0,9.0,2.0,0.0,2.0
594,6466,1100,105.0,0.0,9.0,2.0,1.0,4.0
1730,10430,1564,1126.0,28.0,211.0,37.0,28.0,42.0
6,8773,1671,280.0,0.0,18.0,0.0,0.0,24.0
64,2371,1229,39.0,1.0,22.0,3.0,4.0,12.0
1454,7786,752,68.0,7.0,59.0,10.0,5.0,11.0
561,4088,1313,108.0,1.0,28.0,13.0,1.0,4.0
962,4971,38,108.0,1.0,28.0,13.0,1.0,4.0
2216,10560,236,16.0,1.0,2.0,0.0,0.0,1.0
1942,6892,2215,641.0,7.0,56.0,0.0,0.0,28.0
1470,11004,64,8.0,0.0,5.0,7.0,0.0,2.0
849,1818,410,25.0,0.0,8.0,0.0,1.0,4.0
1514,9485,1678,102.0,9.0,49.0,24.0,3.0,12.0
370,6646,720,3.0,0.0,5.0,13.0,0.0,1.0
1300,4248,185,1000.0,19.0,711.0,125.0,115.0,38.0
1571,7451,2123,1000.0,19.0,711.0,125.0,115.0,38.0
225,7861,848,820.0,57.0,242.0,45.0,0.0,11.0
1840,5232,1713,86.0,12.0,75.0,33.0,15.0,6.0
714,3011,398,86.0,12.0,75.0,33.0,15.0,6.0
284,5758,1771,1074.0,0.0,69.0,0.0,0.0,46.0
1368,2173,1271,13.0,6.0,7.0,0.0,3.0,3.0
325,10711,111,217.0,77.0,373.0,111.0,23.0,93.0
553,8268,2010,352.0,0.0,27.0,10.0,0.0,15.0
32,2782,664,352.0,0.0,27.0,10.0,0.0,15.0
1434,9432,276,9.0,14.0,18.0,8.0,1.0,12.0
177,5872,1295,240.0,90.0,216.0,63.0,6.0,24.0
1145,11187,506,2.0,8.0,10.0,12.0,14.0,23.0
1641,2428,1179,3.0,18.0,26.0,11.0,8.0,12.0
886,1726,547,3.0,9.0,15.0,13.0,2.0,39.0
1626,1802,1941,412.0,5.0,119.0,38.0,29.0,77.0
1039,1162,1185,124.0,83.0,267.0,85.0,59.0,35.0
608,10643,601,124.0,83.0,267.0,85.0,59.0,35.0
1172,11112,1124,736.0,114.0,279.0,82.0,76.0,190.0
159,2114,1778,1006.0,22.0,115.0,59.0,68.0,45.0
422,4261,775,1006.0,22.0,115.0,59.0,68.0,45.0
993,2457,1102,8.0,4.0,5.0,15.0,2.0,11.0
1316,2495,503,217.0,38.0,350.0,111.0,85.0,15.0
345,6983,1693,23.0,2.0,17.0,2.0,1.0,0.0
1631,3436,1458,11.0,0.0,5.0,2.0,1.0,1.0
572,7505,795,22.0,1.0,9.0,0.0,0.0,14.0
244,4286,2060,580.0,6.0,58.0,8.0,0.0,27.0
1488,7224,1551,10.0,0.0,10.0,3.0,1.0,7.0
1310,6215,426,10.0,0.0,10.0,3.0,1.0,7.0
1138,968,1756,112.0,19.0,21.0,16.0,14.0,5.0
2154,4096,563,112.0,19.0,21.0,16.0,14.0,5.0
1329,3153,587,11.0,0.0,4.0,0.0,0.0,2.0
2203,6504,329,2.0,5.0,9.0,28.0,6.0,28.0
273,5329,428,8.0,0.0,3.0,0.0,0.0,0.0
341,1175,1105,88.0,39.0,54.0,64.0,28.0,153.0
910,1377,2152,182.0,4.0,33.0,0.0,0.0,66.0
1753,4607,1954,227.0,23.0,389.0,42.0,21.0,75.0
2009,4944,745,227.0,23.0,389.0,42.0,21.0,75.0
84,9483,158,290.0,59.0,177.0,77.0,5.0,29.0
934,1378,1637,284.0,16.0,160.0,84.0,16.0,134.0
1583,5991,298,173.0,2.0,39.0,3.0,2.0,47.0
2019,2807,1529,656.0,38.0,161.0,62.0,47.0,37.0
1024,1052,1894,656.0,38.0,161.0,62.0,47.0,37.0
1545,9760,117,953.0,0.0,71.0,0.0,0.0,174.0
642,7101,241,953.0,0.0,71.0,0.0,0.0,174.0
1781,9909,1388,3.0,18.0,14.0,15.0,22.0,50.0
301,5907,1563,8.0,0.0,8.0,0.0,0.0,2.0
973,793,1422,18.0,3.0,17.0,3.0,0.0,4.0
1913,8832,437,37.0,5.0,56.0,12.0,8.0,5.0
348,2535,541,163.0,0.0,480.0,0.0,126.0,75.0
853,1523,2233,69.0,2.0,15.0,2.0,2.0,6.0
2116,1839,518,56.0,7.0,48.0,10.0,2.0,18.0
410,9972,1078,38.0,0.0,2.0,0.0,0.0,6.0
1231,2945,1853,38.0,0.0,2.0,0.0,0.0,6.0
1280,9291,561,8.0,2.0,4.0,0.0,0.0,1.0
65,2829,728,626.0,0.0,70.0,0.0,7.0,28.0
1309,8594,523,112.0,0.0,6.0,2.0,1.0,14.0
1935,1592,1362,547.0,99.0,812.0,151.0,82.0,33.0
1075,4310,1937,507.0,93.0,520.0,242.0,40.0,26.0
1783,6950,2002,35.0,1.0,16.0,0.0,1.0,1.0
1236,8492,860,795.0,0.0,545.0,95.0,58.0,0.0
1922,5684,1991,56.0,0.0,9.0,0.0,0.0,3.0
2217,5909,366,895.0,10.0,101.0,13.0,0.0,152.0
1235,9855,1769,899.0,0.0,101.0,0.0,0.0,20.0
1347,975,806,178.0,4.0,26.0,8.0,4.0,44.0
508,8754,1477,14.0,0.0,3.0,0.0,0.0,3.0
1859,1456,2216,265.0,199.0,303.0,234.0,9.0,170.0
1974,2849,1073,265.0,199.0,303.0,234.0,9.0,170.0
1279,9984,800,349.0,16.0,144.0,28.0,5.0,182.0
681,5527,721,4.0,12.0,11.0,3.0,13.0,15.0
1436,5628,1393,848.0,154.0,323.0,201.0,61.0,78.0
813,7627,999,817.0,183.0,797.0,106.0,163.0,20.0
2020,1351,2197,962.0,12.0,194.0,16.0,24.0,12.0
1165,10629,2089,25.0,3.0,43.0,17.0,4.0,17.0
999,10395,2021,1.0,45.0,3.0,4.0,6.0,42.0
1561,6961,1413,1.0,1.0,5.0,0.0,3.0,1.0
1350,10196,2170,212.0,123.0,177.0,15.0,64.0,23.0
738,6182,1151,11.0,4.0,20.0,10.0,3.0,5.0
1934,10432,416,2.0,0.0,9.0,3.0,6.0,2.0
91,1542,864,347.0,0.0,35.0,4.0,3.0,7.0
110,4220,341,73.0,0.0,13.0,0.0,1.0,0.0
703,4141,2129,426.0,49.0,127.0,111.0,21.0,42.0
98,1940,490,1.0,3.0,4.0,2.0,2.0,6.0
2118,1506,1781,48.0,9.0,45.0,3.0,15.0,20.0
245,6347,2190,1.0,1.0,4.0,11.0,9.0,10.0
732,1361,1527,1076.0,68.0,103.0,29.0,91.0,68.0
659,9422,1506,36.0,2.0,42.0,20.0,21.0,10.0
597,1081,1775,733.0,9.0,180.0,12.0,19.0,66.0
2150,7458,713,39.0,2.0,25.0,4.0,3.0,24.0
674,1012,2006,523.0,7.0,134.0,37.0,14.0,169.0
1759,5453,1187,1083.0,108.0,649.0,253.0,151.0,108.0
435,6818,707,98.0,0.0,106.0,49.0,10.0,106.0
1161,7807,613,98.0,0.0,106.0,49.0,10.0,106.0
350,7532,785,99.0,2.0,11.0,4.0,0.0,16.0
709,8346,1982,138.0,15.0,35.0,25.0,11.0,72.0
1630,5564,789,509.0,133.0,497.0,78.0,24.0,97.0
75,3267,1746,527.0,0.0,21.0,0.0,0.0,60.0
1517,3091,1040,340.0,21.0,134.0,258.0,14.0,56.0
1389,762,208,340.0,21.0,134.0,258.0,14.0,56.0
652,8029,1145,1184.0,32.0,352.0,21.0,16.0,16.0
569,4376,311,10.0,24.0,15.0,13.0,1.0,30.0
780,10981,892,434.0,137.0,400.0,45.0,137.0,45.0
763,486,494,434.0,137.0,400.0,45.0,137.0,45.0
2213,1158,201,102.0,1.0,15.0,2.0,0.0,24.0
2000,9119,1023,208.0,17.0,76.0,36.0,17.0,38.0
1736,6694,642,438.0,66.0,400.0,12.0,38.0,114.0
925,10573,1559,125.0,16.0,98.0,134.0,21.0,27.0
1207,10140,1239,1308.0,0.0,396.0,23.0,0.0,0.0
555,2286,2061,64.0,1.0,21.0,0.0,1.0,27.0
1004,8420,1740,7.0,4.0,13.0,15.0,8.0,17.0
1609,10065,337,7.0,4.0,13.0,15.0,8.0,17.0
2065,1029,2057,200.0,5.0,44.0,0.0,10.0,20.0
843,4207,2153,1001.0,44.0,107.0,58.0,44.0,44.0
2181,10277,1320,36.0,0.0,2.0,0.0,0.0,4.0
2043,4436,1989,18.0,42.0,24.0,15.0,20.0,18.0
1733,2929,809,18.0,42.0,24.0,15.0,20.0,18.0
1569,6281,1259,673.0,0.0,199.0,37.0,47.0,26.0
1088,10390,343,6.0,7.0,4.0,3.0,4.0,6.0
1515,2574,2005,1050.0,12.0,144.0,0.0,0.0,24.0
489,709,153,787.0,20.0,204.0,0.0,0.0,92.0
1356,5955,544,833.0,33.0,549.0,151.0,133.0,233.0
2052,8486,1004,284.0,0.0,52.0,8.0,3.0,20.0
1064,10343,347,605.0,91.0,399.0,0.0,45.0,205.0
645,6652,8,227.0,151.0,573.0,98.0,54.0,31.0
1059,8746,1625,800.0,0.0,297.0,0.0,34.0,57.0
1476,4686,509,861.0,31.0,558.0,62.0,95.0,79.0
2178,3551,2209,62.0,1.0,57.0,19.0,11.0,48.0
1034,4338,1064,23.0,0.0,9.0,0.0,0.0,12.0
1808,4444,310,11.0,0.0,16.0,7.0,6.0,21.0
1261,498,210,25.0,0.0,22.0,2.0,3.0,5.0
1953,8230,1688,22.0,2.0,31.0,7.0,4.0,5.0
551,2826,631,25.0,0.0,8.0,2.0,0.0,2.0
15,6222,1051,25.0,0.0,8.0,2.0,0.0,2.0
226,7352,894,161.0,28.0,136.0,32.0,3.0,45.0
1244,10928,160,315.0,4.0,62.0,41.0,31.0,146.0
1464,10736,1164,522.0,0.0,522.0,227.0,120.0,134.0
2031,10163,1555,712.0,50.0,420.0,65.0,38.0,38.0
86,6168,1175,33.0,0.0,5.0,0.0,0.0,15.0
707,4656,392,342.0,32.0,230.0,34.0,32.0,40.0
958,626,1381,22.0,2.0,12.0,0.0,2.0,5.0
1420,3870,1915,359.0,35.0,314.0,93.0,116.0,89.0
1479,6299,1864,324.0,48.0,186.0,39.0,18.0,198.0
1595,7798,1524,233.0,20.0,57.0,8.0,20.0,91.0
241,9973,1618,370.0,9.0,92.0,6.0,9.0,4.0
2151,4299,1090,1001.0,17.0,572.0,93.0,125.0,17.0
1023,10971,740,173.0,8.0,107.0,7.0,2.0,176.0
132,9931,846,5.0,0.0,1.0,1.0,1.0,1.0
375,6679,1034,10.0,3.0,3.0,0.0,0.0,0.0
1999,5961,2062,8.0,4.0,20.0,6.0,3.0,16.0
1097,6255,868,138.0,39.0,63.0,55.0,18.0,21.0
1272,8614,983,245.0,19.0,125.0,37.0,67.0,14.0
1366,7828,1397,68.0,129.0,396.0,188.0,22.0,15.0
89,1277,1493,434.0,22.0,388.0,104.0,22.0,34.0
1168,3595,225,631.0,43.0,239.0,128.0,76.0,21.0
1385,5735,1000,1156.0,120.0,915.0,94.0,144.0,96.0
1130,5350,2240,1156.0,120.0,915.0,94.0,144.0,96.0
1984,4137,2141,398.0,40.0,367.0,119.0,122.0,30.0
988,6357,1794,230.0,35.0,75.0,63.0,57.0,31.0
1014,9316,542,2.0,0.0,7.0,3.0,7.0,10.0
1575,3578,882,122.0,21.0,43.0,25.0,10.0,15.0
1549,153,1459,19.0,3.0,6.0,4.0,2.0,12.0
820,10524,397,386.0,23.0,95.0,54.0,41.0,196.0
342,1518,1392,379.0,6.0,157.0,25.0,91.0,91.0
27,2036,439,243.0,11.0,119.0,10.0,3.0,15.0
1784,9495,821,358.0,108.0,413.0,141.0,97.0,32.0
2195,2631,571,358.0,108.0,413.0,141.0,97.0,32.0
860,6312,265,258.0,107.0,291.0,84.0,37.0,86.0
312,615,1347,65.0,36.0,74.0,38.0,20.0,110.0
1067,4406,661,846.0,84.0,352.0,91.0,56.0,42.0
1328,10061,60,724.0,17.0,143.0,0.0,8.0,196.0
361,10619,1816,770.0,29.0,890.0,250.0,27.0,24.0
1000,4945,712,815.0,10.0,239.0,28.0,10.0,108.0
36,1777,1856,2.0,2.0,11.0,41.0,7.0,11.0
1270,4023,2025,16.0,17.0,19.0,20.0,21.0,22.0
870,7922,786,819.0,0.0,72.0,12.0,0.0,63.0
929,10699,1935,46.0,0.0,40.0,3.0,0.0,3.0
1292,7516,1198,5.0,3.0,11.0,12.0,5.0,9.0
1761,3129,1733,5.0,3.0,11.0,12.0,5.0,9.0
676,5121,1461,479.0,5.0,82.0,7.0,17.0,171.0
2006,2186,895,938.0,142.0,754.0,159.0,81.0,183.0
1660,10548,1273,283.0,17.0,372.0,138.0,106.0,44.0
1686,6384,1304,909.0,12.0,278.0,0.0,12.0,242.0
505,2625,1095,156.0,29.0,56.0,30.0,32.0,47.0
639,1676,1631,213.0,2.0,44.0,0.0,2.0,5.0
1831,5534,1462,123.0,1.0,26.0,2.0,0.0,72.0
1743,6859,2174,37.0,4.0,24.0,16.0,9.0,9.0
1572,271,651,154.0,0.0,50.0,6.0,11.0,37.0
1830,7699,1006,154.0,0.0,50.0,6.0,11.0,37.0
1734,7832,1988,940.0,44.0,396.0,0.0,88.0,58.0
1337,938,381,51.0,1.0,7.0,2.0,1.0,25.0
1679,7873,1883,141.0,11.0,114.0,15.0,14.0,5.0
631,9967,1237,160.0,15.0,196.0,15.0,11.0,50.0
1267,1087,1878,16.0,14.0,36.0,37.0,22.0,48.0
4,8314,1985,557.0,129.0,761.0,29.0,185.0,111.0
1509,3762,105,196.0,0.0,512.0,33.0,130.0,54.0
291,10383,266,295.0,35.0,482.0,121.0,120.0,40.0
353,6798,2124,231.0,7.0,137.0,4.0,15.0,39.0
1375,4168,1341,231.0,7.0,137.0,4.0,15.0,39.0
388,6690,1163,38.0,4.0,22.0,4.0,2.0,20.0
509,10602,1361,29.0,12.0,59.0,19.0,1.0,36.0
576,3220,585,29.0,12.0,59.0,19.0,1.0,36.0
1307,5424,80,29.0,12.0,59.0,19.0,1.0,36.0
2084,7488,1789,420.0,15.0,186.0,151.0,38.0,15.0
251,5289,375,8.0,4.0,12.0,15.0,4.0,29.0
1181,347,33,229.0,27.0,71.0,13.0,3.0,34.0
1213,5236,251,1230.0,0.0,396.0,232.0,178.0,158.0
1592,9478,2222,91.0,64.0,128.0,65.0,3.0,50.0
1527,477,1753,1060.0,61.0,835.0,80.0,20.0,101.0
1411,7411,58,11.0,0.0,5.0,0.0,0.0,1.0
1715,3107,1668,121.0,24.0,124.0,24.0,15.0,42.0
50,7437,340,13.0,0.0,8.0,2.0,1.0,5.0
719,255,762,17.0,0.0,2.0,0.0,0.0,2.0
938,3790,1766,8.0,1.0,5.0,0.0,0.0,1.0
474,749,1885,46.0,7.0,59.0,2.0,4.0,27.0
31,1503,1306,85.0,1.0,16.0,2.0,1.0,2.0
1087,8650,913,5.0,6.0,10.0,6.0,5.0,10.0
67,607,204,302.0,29.0,131.0,32.0,0.0,27.0
2209,1008,994,728.0,17.0,133.0,11.0,8.0,124.0
1678,9396,1062,9.0,0.0,6.0,4.0,1.0,5.0
1656,933,1848,9.0,0.0,6.0,4.0,1.0,5.0
1799,5710,107,110.0,0.0,5.0,2.0,0.0,3.0
1442,2882,614,711.0,28.0,142.0,49.0,18.0,47.0
1383,2379,1596,778.0,44.0,499.0,95.0,73.0,146.0
858,5342,521,0.0,1.0,3.0,10.0,6.0,9.0
7,3262,798,995.0,112.0,417.0,42.0,48.0,41.0
1482,5832,1965,493.0,183.0,352.0,184.0,23.0,28.0
679,5025,823,23.0,17.0,23.0,43.0,20.0,9.0
2127,569,2185,704.0,129.0,853.0,120.0,74.0,111.0
1877,3102,869,2.0,3.0,12.0,3.0,5.0,7.0
547,9449,853,415.0,5.0,124.0,15.0,35.0,11.0
643,8104,1516,241.0,0.0,12.0,0.0,0.0,25.0
1919,75,50,34.0,11.0,137.0,179.0,61.0,45.0
1854,6421,1893,1050.0,178.0,555.0,77.0,138.0,118.0
1362,3037,1013,135.0,46.0,92.0,65.0,61.0,11.0
52,4698,1226,135.0,46.0,92.0,65.0,61.0,11.0
1782,948,2131,4.0,7.0,7.0,6.0,4.0,13.0
1760,6177,1366,76.0,10.0,56.0,3.0,1.0,23.0
801,3517,784,50.0,4.0,44.0,10.0,10.0,43.0
1080,3491,997,384.0,60.0,364.0,119.0,101.0,232.0
1405,7610,13,275.0,0.0,86.0,10.0,23.0,66.0
1894,4377,847,254.0,10.0,44.0,30.0,10.0,227.0
46,9850,843,3.0,6.0,7.0,0.0,0.0,3.0
224,5544,62,957.0,40.0,175.0,158.0,53.0,107.0
896,6497,2075,293.0,6.0,23.0,13.0,6.0,92.0
2171,4543,1021,777.0,129.0,573.0,216.0,21.0,203.0
2053,5117,751,63.0,151.0,137.0,153.0,19.0,53.0
1429,1448,948,21.0,12.0,12.0,0.0,3.0,3.0
507,6887,977,245.0,16.0,223.0,21.0,43.0,16.0
1867,7500,1322,245.0,16.0,223.0,21.0,43.0,16.0
726,2724,1339,12.0,0.0,1.0,0.0,0.0,6.0
1471,2256,1535,17.0,0.0,3.0,0.0,0.0,1.0
2010,1100,2165,24.0,4.0,22.0,0.0,2.0,9.0
1560,7725,6,173.0,26.0,255.0,35.0,71.0,81.0
1676,2612,1855,754.0,160.0,625.0,63.0,32.0,48.0
1349,113,1761,11.0,0.0,7.0,3.0,1.0,6.0
1073,2868,1974,20.0,1.0,28.0,3.0,3.0,2.0
2196,4216,1585,822.0,114.0,108.0,179.0,137.0,114.0
1709,199,2219,219.0,3.0,60.0,12.0,9.0,12.0
2100,359,685,373.0,14.0,83.0,6.0,9.0,19.0
946,8842,2040,15.0,0.0,12.0,7.0,3.0,7.0
2232,2154,1002,15.0,0.0,12.0,7.0,3.0,7.0
1755,6050,1727,1171.0,43.0,219.0,19.0,14.0,47.0
494,9204,511,371.0,159.0,194.0,58.0,106.0,141.0
914,4472,2137,23.0,0.0,8.0,6.0,2.0,18.0
297,6864,367,8.0,4.0,10.0,2.0,2.0,4.0
996,10617,986,8.0,4.0,10.0,2.0,2.0,4.0
1289,3924,750,801.0,0.0,80.0,0.0,0.0,35.0
1652,5654,777,20.0,4.0,10.0,6.0,4.0,17.0
1816,9216,1207,23.0,2.0,11.0,3.0,1.0,4.0
1692,8086,29,48.0,0.0,2.0,0.0,0.0,5.0
154,9097,498,244.0,8.0,32.0,7.0,2.0,50.0
901,7631,1269,562.0,58.0,168.0,43.0,16.0,142.0
1900,7275,963,79.0,1.0,31.0,4.0,4.0,12.0
428,8334,968,79.0,1.0,31.0,4.0,4.0,12.0
1228,1987,53,1.0,10.0,11.0,19.0,3.0,15.0
1275,2281,1137,4.0,3.0,7.0,0.0,3.0,11.0
875,7034,904,8.0,7.0,9.0,13.0,6.0,12.0
323,2797,369,707.0,20.0,171.0,65.0,60.0,50.0
1020,3934,622,356.0,0.0,107.0,19.0,9.0,117.0
1302,2493,1254,356.0,0.0,107.0,19.0,9.0,117.0
2038,3759,1748,743.0,19.0,181.0,12.0,0.0,200.0
1937,965,284,235.0,65.0,164.0,50.0,49.0,27.0
1690,7378,317,393.0,5.0,136.0,7.0,5.0,27.0
1525,1859,820,721.0,111.0,925.0,97.0,18.0,18.0
646,6263,1357,28.0,9.0,37.0,12.0,7.0,13.0
389,2072,582,896.0,10.0,101.0,13.0,10.0,34.0
2001,8908,517,217.0,76.0,690.0,50.0,26.0,38.0
374,738,219,48.0,13.0,57.0,24.0,15.0,25.0
214,10129,1860,482.0,147.0,509.0,104.0,107.0,107.0
862,807,1711,167.0,2.0,89.0,0.0,0.0,34.0
2075,3334,1846,879.0,143.0,797.0,106.0,143.0,143.0
736,5423,2056,6.0,0.0,5.0,2.0,1.0,2.0
1299,4426,296,367.0,4.0,51.0,6.0,4.0,95.0
397,10489,45,693.0,21.0,925.0,31.0,24.0,84.0
932,2570,1508,691.0,7.0,61.0,10.0,0.0,46.0
218,3834,532,231.0,161.0,215.0,171.0,30.0,53.0
467,590,1911,816.0,66.0,549.0,216.0,66.0,99.0
1166,4791,1957,19.0,1.0,17.0,2.0,0.0,2.0
1698,5304,1931,24.0,0.0,8.0,0.0,0.0,1.0
648,2426,623,483.0,74.0,114.0,169.0,37.0,18.0
1271,35,451,32.0,1.0,64.0,16.0,12.0,85.0
419,8041,1772,595.0,71.0,153.0,120.0,112.0,41.0
1210,3584,1787,1181.0,26.0,120.0,17.0,13.0,39.0
1403,7718,1526,244.0,51.0,270.0,101.0,0.0,45.0
987,8605,1130,48.0,0.0,14.0,0.0,0.0,6.0
1622,1646,649,4.0,9.0,12.0,11.0,2.0,8.0
922,9206,1987,491.0,48.0,231.0,112.0,105.0,134.0
1089,10757,1426,4.0,2.0,5.0,2.0,0.0,0.0
1963,6885,1953,38.0,0.0,12.0,3.0,1.0,1.0
613,907,671,254.0,6.0,71.0,4.0,0.0,27.0
1615,1150,522,755.0,144.0,562.0,104.0,64.0,224.0
1978,3867,1852,410.0,112.0,420.0,0.0,82.0,71.0
124,3859,1015,410.0,112.0,420.0,0.0,82.0,71.0
905,3265,668,21.0,1.0,9.0,7.0,3.0,5.0
568,4418,960,671.0,47.0,655.0,145.0,111.0,15.0
377,4611,810,1009.0,181.0,104.0,202.0,21.0,207.0
533,4530,1786,972.0,19.0,595.0,180.0,26.0,138.0
827,7736,591,11.0,7.0,12.0,2.0,2.0,27.0
653,9949,2235,598.0,16.0,141.0,32.0,41.0,49.0
831,942,695,139.0,13.0,78.0,20.0,13.0,36.0
2114,6181,2183,488.0,21.0,238.0,56.0,108.0,28.0
303,7660,748,15.0,0.0,8.0,4.0,2.0,20.0
1863,2055,862,15.0,0.0,8.0,4.0,2.0,20.0
87,5107,1398,15.0,0.0,8.0,4.0,2.0,20.0
783,1626,599,15.0,0.0,8.0,4.0,2.0,20.0
1951,6428,346,605.0,10.0,345.0,84.0,54.0,32.0
1363,9617,526,0.0,4.0,5.0,6.0,0.0,4.0
2128,4339,1568,702.0,17.0,151.0,0.0,8.0,35.0
861,7235,460,2.0,5.0,12.0,4.0,8.0,7.0
464,8527,877,239.0,7.0,119.0,4.0,15.0,11.0
1413,1968,83,5.0,1.0,5.0,10.0,0.0,7.0
789,9862,922,1.0,6.0,7.0,11.0,5.0,3.0
384,11075,560,183.0,2.0,64.0,7.0,2.0,12.0
2168,6658,1265,771.0,51.0,154.0,54.0,10.0,154.0
1119,4552,1517,83.0,2.0,101.0,64.0,26.0,117.0
1518,10377,575,170.0,6.0,97.0,24.0,12.0,88.0
512,5336,1879,39.0,1.0,9.0,2.0,0.0,8.0
1274,10350,115,33.0,0.0,5.0,0.0,0.0,0.0
158,11071,2228,450.0,133.0,951.0,173.0,0.0,216.0
1273,11100,1060,51.0,2.0,7.0,0.0,1.0,2.0
2032,6516,1213,0.0,0.0,1.0,7.0,4.0,6.0
1589,1734,269,59.0,0.0,11.0,4.0,2.0,5.0
1054,2131,1249,1063.0,89.0,102.0,16.0,12.0,25.0
842,6439,1355,789.0,0.0,133.0,0.0,28.0,152.0
1258,10591,645,63.0,10.0,83.0,7.0,19.0,19.0
966,9797,1042,228.0,19.0,130.0,4.0,11.0,51.0
525,9336,1998,512.0,0.0,83.0,0.0,0.0,41.0
1416,2174,1723,11.0,1.0,6.0,2.0,1.0,6.0
600,3197,1375,275.0,59.0,107.0,69.0,101.0,59.0
49,9185,572,452.0,20.0,514.0,13.0,30.0,0.0
941,905,1970,7.0,17.0,18.0,6.0,10.0,26.0
24,10858,567,355.0,30.0,177.0,90.0,138.0,30.0
2212,8925,481,512.0,53.0,98.0,81.0,179.0,89.0
688,2499,514,204.0,97.0,97.0,21.0,118.0,26.0
1812,1109,837,6.0,0.0,5.0,0.0,0.0,1.0
1217,326,287,235.0,6.0,45.0,8.0,9.0,12.0
664,10967,1017,33.0,6.0,40.0,3.0,7.0,10.0
720,5370,286,239.0,3.0,141.0,0.0,7.0,23.0
1582,2098,1150,11.0,0.0,5.0,0.0,0.0,1.0
1319,1773,414,5.0,6.0,15.0,11.0,7.0,13.0
1496,5036,2090,252.0,3.0,42.0,4.0,3.0,102.0
1226,4856,252,556.0,54.0,845.0,202.0,133.0,63.0
614,8722,42,556.0,54.0,845.0,202.0,133.0,63.0
133,2156,1379,27.0,0.0,10.0,0.0,0.0,4.0
1140,2569,1952,3.0,14.0,17.0,6.0,1.0,5.0
73,10151,2200,317.0,46.0,247.0,151.0,46.0,139.0
164,10473,946,158.0,19.0,288.0,25.0,0.0,38.0
593,7079,964,897.0,23.0,207.0,15.0,11.0,92.0
1642,6875,1905,167.0,13.0,180.0,86.0,13.0,70.0
562,6728,602,16.0,0.0,17.0,6.0,3.0,6.0
995,2471,240,48.0,58.0,68.0,16.0,66.0,43.0
147,49,749,2.0,3.0,6.0,4.0,1.0,9.0
1847,4973,173,2.0,3.0,6.0,4.0,1.0,9.0
1206,6387,700,42.0,0.0,17.0,0.0,0.0,18.0
924,5866,1405,97.0,3.0,66.0,12.0,7.0,34.0
1737,8523,581,24.0,1.0,16.0,12.0,2.0,5.0
535,7901,66,9.0,1.0,5.0,2.0,1.0,4.0
1897,898,28,38.0,15.0,54.0,3.0,8.0,29.0
2139,10242,1627,56.0,0.0,11.0,0.0,0.0,8.0
502,5835,1700,21.0,2.0,28.0,3.0,2.0,9.0
1293,6919,1241,4.0,7.0,15.0,13.0,9.0,15.0
1136,6197,1956,37.0,0.0,17.0,0.0,0.0,3.0
216,10475,2099,187.0,5.0,65.0,26.0,20.0,14.0
2028,4201,95,229.0,7.0,137.0,4.0,0.0,91.0
2041,5092,238,380.0,0.0,47.0,6.0,0.0,34.0
1026,6566,510,826.0,50.0,317.0,50.0,38.0,38.0
1111,6613,1238,513.0,7.0,133.0,46.0,14.0,14.0
409,9094,2072,313.0,15.0,47.0,20.0,0.0,192.0
1078,9847,1608,313.0,15.0,47.0,20.0,0.0,192.0
871,10767,2037,760.0,40.0,480.0,0.0,40.0,26.0
1046,7943,1783,18.0,0.0,6.0,3.0,3.0,5.0
267,1055,1167,29.0,0.0,8.0,2.0,0.0,6.0
2129,1458,1395,8.0,3.0,19.0,3.0,3.0,8.0
2124,8402,1061,329.0,35.0,222.0,130.0,35.0,43.0
1462,6246,531,703.0,102.0,601.0,0.0,58.0,43.0
1330,4654,1356,571.0,12.0,523.0,63.0,60.0,24.0
1334,6103,925,40.0,15.0,15.0,17.0,6.0,7.0
1796,8147,419,28.0,0.0,11.0,0.0,0.0,9.0
2042,10207,1906,5.0,1.0,8.0,0.0,0.0,1.0
1252,4838,1888,5.0,1.0,8.0,0.0,0.0,1.0
261,10219,301,6.0,2.0,15.0,6.0,6.0,3.0
1804,2176,1913,1218.0,16.0,272.0,104.0,0.0,80.0
1107,9121,365,1218.0,16.0,272.0,104.0,0.0,80.0
1838,5802,1980,2.0,7.0,11.0,16.0,12.0,27.0
826,10790,836,9.0,0.0,5.0,0.0,0.0,7.0
1633,178,2238,478.0,0.0,193.0,110.0,75.0,117.0
1417,2308,2053,110.0,5.0,137.0,26.0,23.0,29.0
242,7431,2084,1332.0,17.0,311.0,23.0,51.0,86.0
1431,9405,1838,84.0,3.0,61.0,2.0,1.0,21.0
1558,10525,1655,10.0,0.0,8.0,0.0,0.0,9.0
800,7503,224,1032.0,105.0,779.0,137.0,105.0,51.0
1550,8783,1840,296.0,13.0,104.0,11.0,13.0,17.0
2137,1403,1505,8.0,4.0,15.0,3.0,5.0,3.0
459,4643,1106,8.0,26.0,46.0,38.0,9.0,49.0
1468,3463,674,674.0,62.0,134.0,0.0,26.0,8.0
1164,4055,360,2.0,10.0,11.0,12.0,9.0,20.0
358,7010,100,635.0,114.0,254.0,132.0,152.0,76.0
695,4767,1978,635.0,114.0,254.0,132.0,152.0,76.0
766,1927,829,399.0,27.0,159.0,58.0,8.0,39.0
1563,437,907,294.0,142.0,218.0,164.0,58.0,151.0
92,4331,465,913.0,26.0,376.0,17.0,26.0,13.0
1705,4084,1875,224.0,155.0,155.0,192.0,93.0,54.0
1202,8135,1901,7.0,4.0,23.0,7.0,0.0,11.0
1391,9750,1619,731.0,60.0,353.0,78.0,12.0,73.0
1565,6682,1134,2.0,8.0,1.0,4.0,7.0,15.0
258,10581,87,281.0,7.0,84.0,15.0,0.0,119.0
2044,3710,1297,19.0,0.0,35.0,6.0,4.0,17.0
1361,5207,444,489.0,6.0,152.0,8.0,6.0,132.0
495,9360,191,86.0,2.0,73.0,69.0,38.0,48.0
1173,4679,1777,721.0,0.0,152.0,119.0,50.0,50.0
2149,1340,486,551.0,137.0,792.0,179.0,103.0,33.0
617,10839,1576,6.0,5.0,5.0,8.0,0.0,5.0
1983,5303,902,471.0,0.0,510.0,99.0,21.0,12.0
940,9829,1795,22.0,4.0,17.0,12.0,10.0,13.0
856,10469,2027,519.0,71.0,860.0,93.0,27.0,53.0
227,3602,354,140.0,3.0,29.0,4.0,5.0,14.0
1665,4756,1569,176.0,29.0,818.0,0.0,33.0,112.0
1314,8181,2096,51.0,12.0,49.0,17.0,24.0,24.0
2049,6958,1480,14.0,0.0,4.0,0.0,0.0,8.0
1850,10856,1587,31.0,0.0,6.0,0.0,1.0,8.0
1141,3321,1018,421.0,5.0,90.0,0.0,16.0,10.0
1624,5394,431,3.0,9.0,4.0,7.0,8.0,7.0
1792,433,2144,534.0,5.0,47.0,0.0,5.0,41.0
281,6320,2094,768.0,44.0,561.0,77.0,44.0,14.0
1927,5376,1257,1.0,1.0,1725.0,1.0,1.0,1.0
1727,1867,1541,652.0,48.0,350.0,94.0,84.0,108.0
1646,4324,2195,235.0,0.0,235.0,19.0,4.0,191.0
1086,3661,146,594.0,51.0,631.0,72.0,55.0,32.0
332,521,1457,174.0,77.0,203.0,6.0,24.0,97.0
957,10403,919,2.0,13.0,6.0,7.0,5.0,11.0
434,7186,480,24.0,0.0,2.0,0.0,0.0,9.0
1481,4329,757,6.0,0.0,6.0,2.0,1.0,1.0
1667,4394,1938,1142.0,29.0,249.0,38.0,29.0,14.0
1016,1717,69,80.0,15.0,93.0,20.0,13.0,52.0
1801,1016,468,41.0,1.0,6.0,2.0,0.0,5.0
2193,3783,1278,105.0,0.0,10.0,0.0,1.0,0.0
441,5848,1055,724.0,74.0,929.0,97.0,55.0,130.0
1707,10727,477,1181.0,107.0,199.0,39.0,30.0,30.0
666,5299,31,1181.0,107.0,199.0,39.0,30.0,30.0
329,6872,606,284.0,3.0,84.0,4.0,7.0,23.0
93,1143,2202,7.0,10.0,13.0,3.0,11.0,11.0
1918,10381,2008,14.0,0.0,3.0,0.0,0.0,4.0
2036,11007,1580,26.0,0.0,6.0,0.0,0.0,2.0
1101,9145,291,604.0,26.0,470.0,123.0,161.0,94.0
2186,5267,672,16.0,2.0,18.0,2.0,1.0,5.0
1886,9738,1469,65.0,4.0,16.0,0.0,4.0,11.0
1875,10212,1784,65.0,4.0,16.0,0.0,4.0,11.0
187,10010,976,100.0,2.0,16.0,2.0,1.0,31.0
1726,10069,1400,2.0,7.0,5.0,2.0,15.0,27.0
1192,2694,979,21.0,0.0,3.0,0.0,0.0,0.0
2238,10613,635,26.0,1.0,16.0,2.0,2.0,15.0
1846,4646,1909,207.0,26.0,447.0,75.0,0.0,223.0
772,6935,1370,207.0,26.0,447.0,75.0,0.0,223.0
1256,5596,355,513.0,14.0,154.0,19.0,0.0,28.0
315,1044,1807,299.0,5.0,201.0,21.0,21.0,49.0
362,9274,644,525.0,147.0,112.0,219.0,147.0,63.0
972,9076,112,155.0,1.0,25.0,0.0,1.0,3.0
2011,4947,1310,606.0,24.0,974.0,197.0,194.0,64.0
1972,10176,1696,159.0,0.0,120.0,0.0,0.0,137.0
859,3507,2154,676.0,161.0,426.0,210.0,44.0,58.0
490,9235,458,7.0,0.0,8.0,2.0,0.0,1.0
1703,10341,1129,68.0,28.0,39.0,16.0,30.0,41.0
539,2639,714,19.0,5.0,12.0,10.0,3.0,19.0
1677,6201,181,22.0,2.0,14.0,0.0,1.0,10.0
431,7397,2205,494.0,5.0,82.0,7.0,0.0,100.0
2164,2181,455,353.0,61.0,753.0,40.0,46.0,27.0
19,1204,1221,1253.0,0.0,447.0,23.0,71.0,35.0
2162,1170,630,50.0,15.0,110.0,39.0,15.0,15.0
1841,8812,1321,12.0,3.0,8.0,8.0,0.0,17.0
379,4690,1149,443.0,10.0,75.0,0.0,10.0,48.0
1189,1715,2236,9.0,4.0,18.0,7.0,5.0,5.0
519,10821,597,182.0,4.0,33.0,0.0,2.0,42.0
2069,6543,1966,521.0,168.0,706.0,80.0,76.0,61.0
554,7119,1117,395.0,15.0,263.0,60.0,54.0,38.0
2091,3518,711,10.0,1.0,18.0,10.0,4.0,7.0
596,1245,88,977.0,12.0,253.0,16.0,12.0,101.0
1625,2561,1148,977.0,12.0,253.0,16.0,12.0,101.0
629,9624,2194,603.0,45.0,207.0,36.0,18.0,54.0
406,10509,973,51.0,0.0,16.0,0.0,0.0,4.0
1497,7629,1044,5.0,3.0,9.0,6.0,2.0,6.0
1845,7875,1891,967.0,0.0,617.0,43.0,50.0,0.0
445,2815,39,7.0,5.0,39.0,17.0,15.0,37.0
176,2936,802,18.0,0.0,4.0,0.0,0.0,1.0
1245,3665,1790,1.0,9.0,8.0,11.0,3.0,22.0
692,10888,1360,273.0,11.0,178.0,62.0,83.0,29.0
449,6637,1467,277.0,162.0,305.0,173.0,76.0,124.0
151,5077,1699,425.0,115.0,292.0,23.0,35.0,79.0
1313,6173,1522,425.0,115.0,292.0,23.0,35.0,79.0
500,3969,2217,35.0,4.0,17.0,7.0,6.0,64.0
440,4580,958,1394.0,22.0,708.0,89.0,91.0,182.0
2110,663,399,40.0,2.0,15.0,8.0,0.0,6.0
2067,8299,313,40.0,2.0,15.0,8.0,0.0,6.0
1987,8945,36,171.0,0.0,11.0,0.0,1.0,20.0
1912,10870,872,709.0,43.0,182.0,42.0,118.0,247.0
2046,1184,454,554.0,41.0,215.0,11.0,0.0,24.0
1495,6141,1547,191.0,9.0,97.0,0.0,6.0,82.0
1954,8825,2182,230.0,14.0,156.0,82.0,24.0,58.0
311,2217,929,11.0,1.0,2.0,2.0,1.0,6.0
444,4102,691,11.0,1.0,2.0,2.0,1.0,6.0
396,4653,1168,131.0,0.0,16.0,2.0,1.0,39.0
55,10092,1231,1073.0,0.0,250.0,153.0,14.0,14.0
1520,5788,401,56.0,10.0,92.0,19.0,7.0,25.0
960,4669,562,4.0,19.0,9.0,28.0,25.0,17.0
2106,6295,1256,652.0,8.0,158.0,21.0,0.0,142.0
1921,7453,221,157.0,43.0,127.0,68.0,56.0,37.0
1137,10841,473,226.0,22.0,133.0,41.0,31.0,31.0
620,821,1203,962.0,61.0,921.0,52.0,61.0,20.0
26,3933,1897,186.0,36.0,234.0,86.0,72.0,48.0
23,1225,903,483.0,84.0,398.0,205.0,84.0,241.0
1401,7059,405,483.0,84.0,398.0,205.0,84.0,241.0
1422,5633,1862,97.0,12.0,84.0,13.0,10.0,15.0
188,843,1749,303.0,0.0,280.0,60.0,147.0,15.0
1322,6211,2020,18.0,0.0,9.0,0.0,1.0,11.0
463,7007,1847,17.0,3.0,18.0,3.0,4.0,18.0
689,9671,1814,14.0,3.0,21.0,2.0,1.0,28.0
1009,8975,280,14.0,3.0,21.0,2.0,1.0,28.0
1487,6616,63,178.0,3.0,85.0,71.0,66.0,58.0
1668,6248,304,1276.0,24.0,746.0,94.0,29.0,48.0
3,7428,1899,240.0,132.0,445.0,250.0,192.0,108.0
1939,3075,73,130.0,30.0,168.0,20.0,34.0,0.0
1452,2937,234,614.0,16.0,132.0,43.0,33.0,33.0
1861,203,2073,1288.0,20.0,613.0,80.0,61.0,27.0
1209,2021,466,563.0,76.0,384.0,84.0,192.0,89.0
1006,880,1995,2.0,23.0,11.0,8.0,6.0,46.0
2078,524,2083,2.0,23.0,11.0,8.0,6.0,46.0
206,10837,321,2.0,1.0,18.0,20.0,11.0,16.0
1128,7011,706,43.0,2.0,27.0,0.0,9.0,12.0
1099,4184,409,189.0,2.0,29.0,3.0,2.0,40.0
708,7679,278,6.0,3.0,12.0,6.0,1.0,0.0
1499,7485,1446,67.0,4.0,32.0,17.0,2.0,16.0
1320,7530,21,67.0,4.0,32.0,17.0,2.0,16.0
294,4369,273,240.0,67.0,500.0,199.0,0.0,163.0
531,10652,2227,240.0,67.0,500.0,199.0,0.0,163.0
134,286,1115,95.0,11.0,35.0,0.0,4.0,7.0
845,5922,1260,210.0,0.0,6.0,0.0,0.0,2.0
1618,7250,1644,344.0,35.0,178.0,15.0,23.0,17.0
784,2478,1659,2.0,2.0,4.0,13.0,13.0,4.0
121,1160,1600,9.0,4.0,17.0,10.0,2.0,7.0
518,9214,1872,179.0,2.0,64.0,38.0,17.0,58.0
1844,273,364,130.0,0.0,16.0,0.0,0.0,5.0
1762,851,295,306.0,5.0,109.0,21.0,109.0,92.0
1506,9729,1390,189.0,10.0,253.0,56.0,43.0,64.0
1643,9665,866,267.0,3.0,30.0,4.0,0.0,57.0
806,2620,589,14.0,0.0,2.0,0.0,0.0,7.0
911,8254,612,14.0,0.0,2.0,0.0,0.0,7.0
1502,3852,149,505.0,72.0,270.0,36.0,27.0,54.0
889,1000,2045,505.0,72.0,270.0,36.0,27.0,54.0
1106,3099,1191,183.0,5.0,65.0,3.0,5.0,49.0
230,6318,2080,758.0,12.0,385.0,33.0,89.0,89.0
234,5396,2095,758.0,12.0,385.0,33.0,89.0,89.0
1732,7966,682,505.0,137.0,401.0,104.0,22.0,22.0
1084,454,2047,824.0,32.0,162.0,42.0,32.0,43.0
175,309,2234,918.0,21.0,118.0,13.0,10.0,21.0
2013,3571,1818,918.0,21.0,118.0,13.0,10.0,21.0
1723,8395,2030,980.0,37.0,265.0,35.0,163.0,31.0
1543,2591,1272,526.0,35.0,214.0,69.0,53.0,35.0
338,1640,351,66.0,0.0,16.0,0.0,6.0,20.0
156,810,1532,151.0,81.0,86.0,168.0,91.0,64.0
1460,9423,403,13.0,3.0,17.0,7.0,3.0,3.0
2234,4345,2207,5.0,1.0,9.0,2.0,0.0,4.0
1926,89,1443,5.0,9.0,20.0,6.0,8.0,21.0
496,5294,2039,6.0,8.0,19.0,16.0,4.0,4.0
1339,1321,1744,22.0,2.0,18.0,0.0,2.0,12.0
1585,2686,1759,0.0,1.0,4.0,15.0,1.0,5.0
1264,1215,812,690.0,117.0,499.0,76.0,102.0,88.0
1866,9283,1921,8.0,1.0,7.0,2.0,0.0,0.0
2220,3120,1072,6.0,1.0,10.0,0.0,1.0,4.0
1675,5868,2181,2.0,4.0,9.0,10.0,5.0,16.0
2105,8143,1377,202.0,2.0,46.0,3.0,2.0,10.0
1955,3479,193,4.0,8.0,11.0,12.0,2.0,13.0
2060,7214,1833,792.0,0.0,275.0,45.0,45.0,126.0
1959,5543,1186,545.0,7.0,114.0,37.0,21.0,78.0
1365,9347,1924,31.0,0.0,7.0,2.0,0.0,6.0
2239,10160,2169,31.0,0.0,7.0,2.0,0.0,6.0
574,1406,1707,280.0,7.0,81.0,20.0,0.0,27.0
2107,7019,1990,109.0,18.0,16.0,24.0,26.0,18.0
1010,2157,1583,15.0,8.0,16.0,11.0,5.0,22.0
2087,8939,1327,382.0,138.0,65.0,60.0,26.0,59.0
758,10250,179,1.0,5.0,3.0,7.0,4.0,8.0
408,1272,1716,664.0,58.0,83.0,32.0,0.0,66.0
1915,3007,1589,27.0,2.0,10.0,0.0,0.0,1.0
1174,5513,249,27.0,2.0,10.0,0.0,0.0,1.0
1832,679,492,13.0,4.0,20.0,0.0,0.0,1.0
204,8876,955,132.0,0.0,16.0,0.0,0.0,4.0
1038,10827,169,88.0,3.0,21.0,4.0,1.0,29.0
1869,7300,1770,448.0,4.0,34.0,6.0,4.0,39.0
1346,4268,1616,129.0,0.0,21.0,0.0,1.0,7.0
1,4603,694,371.0,32.0,189.0,0.0,58.0,6.0
456,8659,1819,750.0,71.0,174.0,13.0,10.0,20.0
1301,10708,832,10.0,6.0,11.0,0.0,4.0,2.0
602,1176,166,2.0,6.0,4.0,3.0,1.0,9.0
2214,10380,725,40.0,1.0,40.0,4.0,3.0,18.0
811,7037,1173,194.0,55.0,134.0,15.0,0.0,3.0
2115,11096,213,99.0,4.0,32.0,37.0,54.0,6.0
125,6374,1378,223.0,2.0,31.0,0.0,2.0,39.0
346,5552,1726,81.0,18.0,113.0,47.0,13.0,21.0
1201,2245,1681,57.0,2.0,51.0,4.0,2.0,23.0
1521,6200,1178,340.0,108.0,185.0,130.0,38.0,100.0
750,9904,320,336.0,123.0,274.0,46.0,123.0,141.0
265,10031,93,20.0,2.0,23.0,3.0,1.0,4.0
696,6642,1871,30.0,5.0,22.0,8.0,9.0,28.0
367,10882,1528,407.0,53.0,221.0,58.0,150.0,26.0
1793,5636,1900,51.0,4.0,50.0,12.0,1.0,49.0
339,8692,1992,90.0,17.0,97.0,15.0,6.0,15.0
2082,8091,841,423.0,184.0,368.0,13.0,97.0,21.0
2012,8080,900,5.0,1.0,6.0,3.0,4.0,3.0
61,8370,1975,378.0,97.0,259.0,197.0,194.0,34.0
809,4550,1223,61.0,0.0,3.0,0.0,0.0,7.0
107,3381,1157,70.0,0.0,16.0,0.0,0.0,4.0
2072,10556,1094,173.0,13.0,131.0,32.0,3.0,6.0
1819,9467,2052,3.0,2.0,10.0,3.0,0.0,2.0
1965,2891,1351,595.0,23.0,123.0,10.0,23.0,154.0
1849,5011,440,595.0,23.0,123.0,10.0,23.0,154.0
1117,8140,1196,10.0,14.0,29.0,4.0,2.0,36.0
1695,11039,270,82.0,33.0,54.0,71.0,30.0,41.0
729,78,1832,15.0,0.0,11.0,0.0,2.0,9.0
1843,5517,1266,15.0,0.0,11.0,0.0,2.0,9.0
141,5290,1305,220.0,0.0,33.0,3.0,0.0,23.0
1994,4128,878,517.0,12.0,54.0,16.0,6.0,120.0
1691,8534,1486,615.0,28.0,259.0,12.0,48.0,30.0
1463,9592,86,11.0,2.0,9.0,3.0,0.0,8.0
1028,8957,101,480.0,86.0,249.0,75.0,86.0,144.0
1443,9308,322,398.0,61.0,265.0,138.0,61.0,53.0
1387,544,981,398.0,61.0,265.0,138.0,61.0,53.0
894,5989,578,752.0,122.0,476.0,39.0,153.0,34.0
114,635,1663,464.0,5.0,64.0,7.0,0.0,70.0
429,6673,495,28.0,6.0,27.0,12.0,17.0,39.0
865,1710,797,154.0,20.0,66.0,0.0,12.0,27.0
1905,523,2135,23.0,0.0,26.0,7.0,15.0,3.0
824,8977,965,1.0,3.0,4.0,2.0,3.0,11.0
1142,9736,686,53.0,5.0,19.0,2.0,13.0,4.0
2024,1544,1666,741.0,68.0,689.0,224.0,68.0,103.0
1139,6575,1661,230.0,48.0,214.0,13.0,32.0,75.0
913,6147,1687,5.0,2.0,8.0,2.0,2.0,9.0
1510,6354,1349,5.0,2.0,16.0,3.0,2.0,19.0
778,4769,906,456.0,4.0,24.0,0.0,0.0,9.0
1418,7540,1923,143.0,15.0,60.0,24.0,23.0,5.0
1151,5247,724,31.0,0.0,6.0,2.0,1.0,5.0
1147,5987,1147,2.0,2.0,11.0,10.0,6.0,12.0
622,9960,1296,0.0,0.0,1.0,8.0,3.0,2.0
2230,10972,595,625.0,35.0,169.0,58.0,17.0,35.0
884,1399,16,407.0,114.0,445.0,181.0,165.0,203.0
765,2698,2115,254.0,7.0,108.0,20.0,0.0,26.0
1751,6340,600,3.0,3.0,7.0,0.0,2.0,11.0
1756,4107,282,269.0,15.0,69.0,15.0,19.0,38.0
1282,10906,1439,269.0,15.0,69.0,15.0,19.0,38.0
38,2557,1791,7.0,1.0,6.0,3.0,1.0,11.0
810,8786,1382,301.0,7.0,74.0,10.0,0.0,58.0
672,7187,415,375.0,42.0,48.0,94.0,66.0,96.0
774,6119,1280,10.0,0.0,3.0,0.0,0.0,4.0
1254,2980,2166,12.0,0.0,13.0,4.0,2.0,4.0
588,3850,2177,3.0,3.0,3.0,15.0,4.0,15.0
503,1077,2138,258.0,105.0,239.0,237.0,172.0,9.0
1143,9733,258,1.0,4.0,10.0,29.0,0.0,36.0
2177,8462,1680,1.0,4.0,10.0,29.0,0.0,36.0
793,4764,1694,45.0,12.0,52.0,25.0,22.0,13.0
1074,2223,1292,1215.0,33.0,249.0,64.0,116.0,149.0
1051,7788,576,6.0,0.0,3.0,0.0,0.0,1.0
1774,5827,159,36.0,0.0,12.0,2.0,2.0,10.0
564,2958,189,19.0,3.0,10.0,11.0,8.0,6.0
229,4954,1650,106.0,27.0,68.0,52.0,7.0,5.0
1326,3139,972,871.0,111.0,704.0,145.0,55.0,166.0
1825,9952,766,368.0,32.0,639.0,13.0,43.0,10.0
2022,8180,2120,233.0,2.0,53.0,3.0,5.0,14.0
405,3276,811,11.0,12.0,35.0,3.0,5.0,12.0
926,4994,1143,1193.0,33.0,281.0,129.0,66.0,33.0
1731,3598,2001,441.0,35.0,83.0,7.0,29.0,11.0
1269,945,924,87.0,3.0,25.0,3.0,2.0,13.0
947,5048,402,20.0,6.0,43.0,19.0,5.0,38.0
1283,6214,940,14.0,10.0,29.0,4.0,7.0,15.0
393,6230,2068,110.0,5.0,59.0,7.0,1.0,7.0
1041,2968,598,437.0,8.0,206.0,160.0,49.0,42.0
1508,8800,1080,437.0,8.0,206.0,160.0,49.0,42.0
1197,1907,222,965.0,69.0,279.0,54.0,41.0,69.0
1098,10478,1512,483.0,0.0,108.0,0.0,6.0,36.0
1048,4188,1180,204.0,5.0,39.0,17.0,0.0,89.0
37,8720,1152,32.0,2.0,1607.0,12.0,4.0,22.0
1103,2225,1837,510.0,120.0,550.0,156.0,40.0,241.0
115,4790,611,574.0,8.0,216.0,21.0,16.0,33.0
1050,1131,1169,85.0,0.0,3.0,0.0,0.0,7.0
1096,202,1200,332.0,194.0,377.0,149.0,125.0,57.0
1932,9589,2102,332.0,194.0,377.0,149.0,125.0,57.0
88,3900,1205,642.0,14.0,49.0,0.0,7.0,57.0
126,9958,2103,642.0,14.0,49.0,0.0,7.0,57.0
1193,8955,1660,35.0,0.0,4.0,0.0,0.0,10.0
869,10033,182,2.0,3.0,10.0,11.0,2.0,10.0
313,5751,472,2.0,3.0,10.0,11.0,2.0,10.0
1659,3308,1682,30.0,9.0,12.0,2.0,11.0,30.0
770,7297,1996,5.0,3.0,10.0,12.0,7.0,20.0
1344,8008,1141,46.0,0.0,30.0,12.0,1.0,30.0
2227,1232,1605,587.0,54.0,348.0,71.0,54.0,130.0
430,2345,314,587.0,54.0,348.0,71.0,54.0,130.0
872,1628,1445,354.0,21.0,311.0,167.0,75.0,32.0
815,5081,658,9.0,0.0,16.0,6.0,6.0,10.0
560,839,413,97.0,4.0,44.0,6.0,1.0,18.0
928,3706,2055,19.0,8.0,29.0,0.0,12.0,26.0
1710,5154,2206,26.0,3.0,13.0,2.0,10.0,0.0
1593,8584,1728,376.0,53.0,462.0,168.0,53.0,53.0
28,6583,1757,390.0,22.0,323.0,104.0,35.0,107.0
1776,3433,2058,390.0,22.0,323.0,104.0,35.0,107.0
651,10486,1427,476.0,75.0,162.0,29.0,151.0,97.0
939,8687,2162,121.0,62.0,90.0,68.0,20.0,125.0
1469,7842,1314,18.0,7.0,34.0,10.0,2.0,3.0
1234,3749,643,627.0,91.0,597.0,159.0,91.0,15.0
2174,1331,226,12.0,6.0,20.0,30.0,1.0,3.0
902,5995,1252,165.0,3.0,147.0,4.0,24.0,41.0
1529,8985,2,806.0,80.0,161.0,120.0,11.0,33.0
873,2798,155,763.0,29.0,138.0,76.0,176.0,58.0
1053,7108,898,205.0,20.0,47.0,23.0,2.0,56.0
1655,2781,1691,1003.0,34.0,536.0,134.0,51.0,34.0
1276,3623,1890,4.0,0.0,16.0,17.0,4.0,4.0
1852,194,308,23.0,0.0,11.0,3.0,2.0,2.0
90,10833,373,790.0,19.0,133.0,12.0,0.0,19.0
1162,2315,1414,10.0,0.0,11.0,17.0,29.0,29.0
1428,6336,564,13.0,2.0,14.0,8.0,7.0,4.0
30,10738,85,40.0,0.0,19.0,2.0,1.0,3.0
1868,8286,535,98.0,1.0,17.0,0.0,1.0,5.0
439,2166,376,12.0,1.0,3.0,0.0,0.0,7.0
458,10691,1298,11.0,0.0,10.0,0.0,2.0,20.0
908,9739,1317,62.0,0.0,22.0,3.0,1.0,26.0
2023,1829,1638,1148.0,0.0,60.0,0.0,0.0,24.0
1811,6260,569,984.0,51.0,432.0,180.0,120.0,190.0
909,10448,474,172.0,41.0,86.0,45.0,6.0,27.0
1684,1343,778,368.0,24.0,68.0,38.0,0.0,88.0
221,4749,1729,368.0,24.0,68.0,38.0,0.0,88.0
74,531,2035,941.0,14.0,397.0,76.0,58.0,176.0
2081,6905,545,241.0,45.0,604.0,34.0,26.0,54.0
1160,1045,1447,112.0,10.0,107.0,30.0,0.0,20.0
628,4012,1373,799.0,12.0,375.0,16.0,12.0,12.0
967,5529,1822,406.0,0.0,30.0,0.0,0.0,8.0
1851,4001,549,406.0,0.0,30.0,0.0,0.0,8.0
1977,10420,659,95.0,14.0,64.0,2.0,9.0,38.0
2007,7723,675,709.0,93.0,374.0,104.0,80.0,80.0
1477,2963,430,709.0,93.0,374.0,104.0,80.0,80.0
769,10634,220,90.0,67.0,165.0,30.0,43.0,11.0
1175,5180,2074,128.0,0.0,16.0,0.0,1.0,4.0
365,6866,1496,8.0,0.0,14.0,2.0,3.0,7.0
2142,1328,131,261.0,42.0,144.0,55.0,48.0,133.0
1822,1139,834,1050.0,14.0,322.0,0.0,14.0,112.0
20,4961,1007,29.0,0.0,25.0,2.0,2.0,3.0
200,5177,1025,298.0,7.0,68.0,4.0,0.0,19.0
1094,2075,943,377.0,10.0,540.0,80.0,30.0,10.0
417,3428,1326,919.0,0.0,505.0,99.0,30.0,45.0
1662,4500,1809,919.0,0.0,505.0,99.0,30.0,45.0
280,7369,2076,25.0,6.0,25.0,6.0,0.0,0.0
680,4381,255,163.0,2.0,40.0,8.0,11.0,11.0
378,9964,1401,162.0,50.0,100.0,55.0,30.0,27.0
471,1630,289,162.0,50.0,100.0,55.0,30.0,27.0
2147,5012,384,5.0,4.0,13.0,8.0,0.0,4.0
725,6918,1640,5.0,4.0,13.0,8.0,0.0,4.0
381,7822,463,198.0,18.0,252.0,32.0,108.0,54.0
1052,10156,493,215.0,63.0,507.0,231.0,31.0,190.0
1370,3033,512,112.0,17.0,44.0,34.0,22.0,89.0
2073,4119,1045,112.0,17.0,44.0,34.0,22.0,89.0
677,11110,152,2.0,1.0,1.0,0.0,0.0,1.0
1249,332,1983,198.0,2.0,43.0,0.0,12.0,20.0
552,737,1136,1493.0,86.0,454.0,112.0,43.0,43.0
1628,10319,1436,1090.0,12.0,96.0,16.0,12.0,60.0
1680,2683,2187,295.0,106.0,271.0,75.0,98.0,65.0
1069,3445,568,216.0,162.0,224.0,101.0,92.0,162.0
472,10913,1285,3.0,2.0,12.0,0.0,1.0,9.0
1771,4427,770,536.0,27.0,590.0,38.0,107.0,67.0
2021,8717,625,1149.0,71.0,449.0,69.0,71.0,26.0
1323,2066,1312,70.0,0.0,11.0,2.0,8.0,23.0
2015,3340,886,244.0,15.0,108.0,4.0,15.0,50.0
2199,8685,988,244.0,15.0,108.0,4.0,15.0,50.0
1060,4149,647,586.0,66.0,653.0,17.0,0.0,26.0
1539,8726,2093,77.0,8.0,44.0,10.0,10.0,25.0
1022,2295,2069,539.0,30.0,92.0,80.0,46.0,38.0
1503,3283,467,200.0,193.0,100.0,46.0,185.0,185.0
699,1915,688,794.0,115.0,243.0,150.0,0.0,205.0
1058,800,1577,23.0,1.0,6.0,0.0,0.0,2.0
618,9166,1958,387.0,84.0,141.0,73.0,35.0,162.0
1741,5147,1571,774.0,70.0,118.0,182.0,187.0,93.0
1384,13,433,19.0,0.0,5.0,0.0,0.0,8.0
1372,8557,710,11.0,3.0,22.0,2.0,2.0,6.0
1647,8724,2189,11.0,3.0,22.0,2.0,2.0,6.0
1025,9381,840,328.0,9.0,124.0,12.0,24.0,109.0
623,9384,450,328.0,9.0,124.0,12.0,24.0,109.0
1120,3560,1234,901.0,31.0,345.0,75.0,31.0,191.0
667,241,657,901.0,31.0,345.0,75.0,31.0,191.0
2039,7521,2024,901.0,31.0,345.0,75.0,31.0,191.0
255,9799,2086,866.0,21.0,151.0,28.0,21.0,86.0
1184,5123,1308,37.0,12.0,23.0,8.0,11.0,52.0
2055,448,990,308.0,85.0,137.0,102.0,45.0,118.0
1083,4837,214,753.0,43.0,226.0,69.0,10.0,204.0
2056,9365,165,1048.0,0.0,217.0,0.0,0.0,12.0
1740,8932,246,960.0,28.0,183.0,220.0,70.0,70.0
1767,7055,1830,888.0,0.0,57.0,0.0,0.0,76.0
2179,3537,312,31.0,3.0,31.0,2.0,8.0,4.0
1472,9081,350,4.0,1.0,6.0,4.0,1.0,9.0
1706,4988,1058,19.0,6.0,20.0,0.0,5.0,12.0
1121,1050,950,14.0,10.0,13.0,4.0,15.0,9.0
1167,5610,394,7.0,3.0,10.0,8.0,1.0,7.0
1853,3526,1930,32.0,0.0,5.0,0.0,0.0,1.0
1325,5136,639,654.0,7.0,92.0,0.0,15.0,30.0
850,1411,1850,204.0,34.0,204.0,172.0,153.0,173.0
1369,701,1287,707.0,21.0,250.0,85.0,43.0,73.0
754,6203,442,499.0,149.0,815.0,173.0,49.0,49.0
1916,7192,1038,172.0,73.0,93.0,95.0,78.0,34.0
1567,5181,485,2.0,4.0,2.0,0.0,11.0,5.0
33,9220,1240,576.0,172.0,961.0,125.0,115.0,19.0
1864,7734,26,471.0,102.0,125.0,212.0,61.0,245.0
998,10446,206,184.0,23.0,446.0,30.0,23.0,23.0
172,5524,1121,635.0,88.0,546.0,172.0,88.0,88.0
2173,3830,1345,295.0,21.0,78.0,39.0,13.0,13.0
840,5186,2155,576.0,7.0,115.0,19.0,7.0,7.0
1943,8514,1099,8.0,0.0,7.0,3.0,1.0,1.0
1439,7165,1071,381.0,35.0,172.0,56.0,86.0,93.0
1040,10236,969,16.0,3.0,25.0,6.0,1.0,13.0
1317,2392,534,44.0,4.0,21.0,6.0,0.0,27.0
756,1920,1824,44.0,4.0,21.0,6.0,0.0,27.0
1216,3673,951,371.0,17.0,238.0,23.0,24.0,106.0
892,1453,233,735.0,40.0,183.0,52.0,20.0,30.0
491,4518,290,386.0,172.0,183.0,185.0,132.0,111.0
1553,8969,1708,548.0,31.0,422.0,0.0,112.0,28.0
1426,387,171,6.0,16.0,11.0,11.0,1.0,16.0
1357,1079,1407,1000.0,0.0,76.0,0.0,0.0,10.0
546,164,1248,206.0,0.0,46.0,3.0,2.0,12.0
1632,3434,1811,483.0,72.0,567.0,94.0,12.0,108.0
415,5721,1737,611.0,76.0,749.0,59.0,45.0,26.0
447,8418,2122,7.0,10.0,17.0,8.0,6.0,13.0
263,5300,1561,19.0,7.0,19.0,0.0,1.0,24.0
1199,10424,1432,265.0,138.0,553.0,224.0,23.0,92.0
744,11171,677,292.0,3.0,77.0,10.0,3.0,26.0
295,1600,799,292.0,3.0,77.0,10.0,3.0,26.0
931,7851,2203,161.0,0.0,253.0,199.0,191.0,122.0
536,10701,1423,713.0,0.0,264.0,120.0,80.0,34.0
144,891,513,6.0,0.0,2.0,2.0,0.0,1.0
2152,6912,670,593.0,30.0,91.0,29.0,22.0,7.0
1542,5967,1851,26.0,2.0,19.0,10.0,5.0,8.0
2085,2109,1114,448.0,71.0,951.0,40.0,17.0,17.0
1716,6292,765,1311.0,0.0,359.0,46.0,89.0,17.0
825,8537,1155,526.0,80.0,553.0,123.0,94.0,53.0
94,9576,168,86.0,4.0,56.0,2.0,4.0,7.0
581,5935,754,547.0,7.0,140.0,0.0,7.0,63.0
136,10264,501,1.0,2.0,8.0,4.0,3.0,13.0
2047,234,1216,1.0,2.0,8.0,4.0,3.0,13.0
76,3202,1613,1166.0,0.0,48.0,0.0,0.0,36.0
12,1103,2164,1486.0,55.0,278.0,49.0,0.0,185.0
746,610,1267,349.0,4.0,78.0,6.0,0.0,43.0
47,4480,966,365.0,3.0,15.0,4.0,3.0,11.0
163,10660,683,349.0,7.0,35.0,0.0,0.0,47.0
2026,9353,735,515.0,47.0,267.0,62.0,66.0,38.0
1712,4120,870,88.0,39.0,78.0,58.0,13.0,93.0
1924,2836,1944,10.0,1.0,7.0,0.0,0.0,1.0
199,9579,237,53.0,1.0,34.0,2.0,0.0,16.0
771,5841,1520,606.0,7.0,155.0,10.0,0.0,54.0
2101,3174,1293,1492.0,38.0,287.0,50.0,57.0,33.0
1331,5536,627,1492.0,38.0,287.0,50.0,57.0,33.0
2054,2061,1374,78.0,0.0,11.0,0.0,0.0,10.0
907,8477,760,5.0,1.0,13.0,3.0,5.0,1.0
1157,640,831,356.0,80.0,329.0,138.0,17.0,106.0
2205,3828,1870,533.0,10.0,217.0,198.0,174.0,195.0
161,4093,901,216.0,9.0,57.0,20.0,9.0,125.0
537,8624,125,183.0,33.0,493.0,59.0,103.0,57.0
2045,2802,1301,196.0,25.0,607.0,67.0,17.0,49.0
722,368,687,91.0,65.0,52.0,10.0,44.0,28.0
1333,3599,1092,575.0,80.0,428.0,208.0,93.0,80.0
266,3389,1343,726.0,53.0,363.0,123.0,107.0,161.0
1447,10710,1801,5.0,2.0,3.0,3.0,0.0,5.0
599,7118,154,833.0,80.0,363.0,52.0,26.0,174.0
592,4937,1299,12.0,2.0,20.0,3.0,2.0,5.0
767,1127,737,938.0,19.0,843.0,25.0,95.0,38.0
1132,833,1028,56.0,0.0,14.0,0.0,0.0,2.0
1874,3565,446,56.0,0.0,14.0,0.0,0.0,2.0
504,6086,138,445.0,25.0,706.0,80.0,76.0,48.0
1535,1763,1495,1259.0,172.0,815.0,97.0,148.0,33.0
544,4697,150,248.0,3.0,81.0,4.0,3.0,51.0
563,182,1758,284.0,0.0,55.0,0.0,6.0,52.0
1486,1165,41,239.0,13.0,143.0,45.0,4.0,52.0
282,5386,638,1111.0,24.0,790.0,160.0,45.0,172.0
2185,6024,1903,1111.0,24.0,790.0,160.0,45.0,172.0
1012,2678,231,52.0,12.0,50.0,4.0,36.0,55.0
2148,5790,387,25.0,6.0,16.0,20.0,0.0,5.0
54,236,1242,28.0,23.0,29.0,29.0,14.0,47.0
1531,6001,1854,614.0,35.0,160.0,58.0,35.0,35.0
1681,6250,1662,710.0,15.0,30.0,20.0,0.0,0.0
1989,1168,1868,322.0,53.0,899.0,34.0,40.0,53.0
470,10749,530,73.0,18.0,66.0,7.0,12.0,2.0
63,2926,1490,1241.0,0.0,80.0,0.0,13.0,40.0
1806,716,916,529.0,0.0,356.0,63.0,28.0,0.0
373,6544,1063,529.0,0.0,356.0,63.0,28.0,0.0
1424,4298,1907,5.0,0.0,4.0,0.0,0.0,1.0
670,5823,344,35.0,0.0,2.0,0.0,0.0,2.0
462,8375,358,447.0,0.0,28.0,0.0,0.0,43.0
2134,5723,1352,81.0,1.0,31.0,2.0,1.0,0.0
895,5763,1690,123.0,17.0,171.0,39.0,0.0,30.0
1085,8727,1523,587.0,43.0,337.0,42.0,87.0,54.0
1555,3056,667,587.0,43.0,337.0,42.0,87.0,54.0
863,8442,2226,9.0,0.0,7.0,3.0,4.0,7.0
488,3712,742,212.0,5.0,33.0,7.0,0.0,2.0
982,10722,2237,293.0,8.0,124.0,11.0,4.0,106.0
1196,2406,1483,376.0,4.0,94.0,12.0,9.0,24.0
1544,7313,103,570.0,73.0,614.0,133.0,102.0,73.0
1547,2656,2018,23.0,1.0,7.0,0.0,4.0,24.0
513,1993,1418,867.0,0.0,86.0,0.0,0.0,19.0
1578,4136,3,10.0,17.0,18.0,8.0,26.0,40.0
427,2928,2121,789.0,0.0,142.0,12.0,9.0,38.0
2198,2920,303,789.0,0.0,142.0,12.0,9.0,38.0
1450,6661,1972,757.0,80.0,217.0,29.0,80.0,11.0
120,5462,1686,757.0,80.0,217.0,29.0,80.0,11.0
517,10897,619,757.0,80.0,217.0,29.0,80.0,11.0
1399,10542,911,29.0,4.0,34.0,2.0,4.0,4.0
1722,5756,2168,46.0,0.0,7.0,0.0,0.0,2.0
247,3570,1162,159.0,2.0,51.0,6.0,2.0,24.0
412,1072,445,70.0,0.0,17.0,0.0,0.0,6.0
21,9606,2198,882.0,29.0,514.0,38.0,29.0,44.0
604,2730,1815,536.0,11.0,387.0,149.0,91.0,57.0
933,2995,593,291.0,10.0,689.0,84.0,10.0,0.0
1233,8210,161,318.0,3.0,17.0,4.0,7.0,56.0
794,773,1338,379.0,4.0,93.0,12.0,9.0,98.0
1367,5272,1697,378.0,0.0,88.0,19.0,4.0,73.0
330,5125,489,333.0,0.0,815.0,129.0,42.0,29.0
829,4391,167,635.0,15.0,100.0,20.0,7.0,131.0
369,6283,1156,635.0,15.0,100.0,20.0,7.0,131.0
1382,3421,608,635.0,15.0,100.0,20.0,7.0,131.0
1170,5731,435,12.0,0.0,13.0,2.0,0.0,10.0
1394,7152,1806,12.0,0.0,13.0,2.0,0.0,10.0
511,3919,1416,960.0,0.0,883.0,50.0,38.0,0.0
2226,6097,1764,313.0,8.0,104.0,6.0,4.0,126.0
1745,5150,174,0.0,4.0,7.0,11.0,10.0,15.0
2083,10479,462,749.0,40.0,294.0,121.0,160.0,147.0
786,5966,1592,203.0,0.0,10.0,0.0,0.0,2.0
387,3439,1658,157.0,6.0,39.0,6.0,13.0,75.0
1002,6609,962,1.0,26.0,25.0,17.0,23.0,15.0
818,5393,2191,22.0,0.0,6.0,6.0,2.0,6.0
264,9014,1582,39.0,1.0,16.0,2.0,0.0,3.0
1766,4050,1233,42.0,16.0,29.0,12.0,20.0,8.0
423,6862,607,1.0,1.0,3.0,1.0,1.0,1.0
1232,8315,774,4.0,2.0,11.0,2.0,0.0,4.0
1250,5184,1465,4.0,2.0,11.0,2.0,0.0,4.0
1335,3643,130,750.0,8.0,125.0,11.0,8.0,26.0
1979,2589,1075,25.0,3.0,16.0,8.0,5.0,2.0
1711,4887,1261,10.0,5.0,28.0,11.0,1.0,8.0
790,10104,920,4.0,0.0,2.0,0.0,0.0,2.0
591,3254,461,407.0,70.0,239.0,103.0,88.0,53.0
1765,2004,1947,619.0,54.0,260.0,127.0,54.0,54.0
96,6142,989,629.0,17.0,177.0,69.0,0.0,8.0
1968,8553,2003,30.0,0.0,9.0,0.0,0.0,3.0
129,9805,583,320.0,48.0,133.0,39.0,72.0,48.0
1946,849,1597,320.0,48.0,133.0,39.0,72.0,48.0
877,1606,23,3.0,1.0,8.0,4.0,3.0,3.0
1836,125,1588,215.0,7.0,33.0,3.0,0.0,13.0
1821,9305,1433,311.0,26.0,640.0,180.0,37.0,121.0
723,4706,764,29.0,0.0,5.0,0.0,1.0,5.0
219,4437,1617,112.0,6.0,92.0,3.0,9.0,38.0
730,3081,1665,7.0,2.0,6.0,2.0,0.0,3.0
2144,3536,1500,7.0,11.0,3.0,10.0,4.0,20.0
1858,8686,357,5.0,23.0,15.0,0.0,18.0,14.0
1371,9707,1889,1103.0,0.0,45.0,0.0,0.0,34.0
13,10872,1279,1103.0,0.0,45.0,0.0,0.0,34.0
633,9058,993,1060.0,21.0,530.0,32.0,0.0,224.0
308,4640,1176,561.0,85.0,171.0,25.0,123.0,114.0
2099,2525,383,153.0,64.0,123.0,116.0,64.0,14.0
1620,9503,1485,39.0,33.0,130.0,41.0,26.0,44.0
248,10704,1542,404.0,0.0,92.0,28.0,27.0,142.0
1785,2669,1826,375.0,152.0,335.0,93.0,91.0,81.0
192,10037,1258,375.0,152.0,335.0,93.0,91.0,81.0
607,5680,787,10.0,4.0,7.0,0.0,6.0,3.0
1725,3726,1611,4.0,1.0,9.0,3.0,0.0,0.0
683,4548,96,23.0,4.0,10.0,0.0,2.0,15.0
979,4599,1798,411.0,0.0,26.0,0.0,0.0,21.0
1246,879,1101,411.0,0.0,26.0,0.0,0.0,21.0
1998,7409,180,211.0,2.0,30.0,7.0,7.0,10.0
1718,1964,2041,446.0,107.0,768.0,33.0,196.0,53.0
735,0,356,239.0,10.0,554.0,254.0,87.0,54.0
1459,4860,2117,7.0,2.0,8.0,3.0,2.0,3.0
1248,425,1128,374.0,64.0,116.0,84.0,25.0,64.0
2093,9500,874,221.0,104.0,169.0,102.0,78.0,84.0
292,3074,72,1218.0,107.0,304.0,23.0,143.0,33.0
1298,5140,1724,1047.0,0.0,140.0,67.0,38.0,153.0
2034,2611,533,1206.0,55.0,445.0,168.0,18.0,18.0
1865,916,2132,20.0,3.0,4.0,2.0,0.0,2.0
1689,10413,1579,274.0,83.0,216.0,151.0,141.0,224.0
1353,3696,871,27.0,1.0,12.0,2.0,0.0,10.0
1639,304,1120,19.0,3.0,19.0,4.0,5.0,26.0
486,5113,634,584.0,100.0,835.0,65.0,83.0,35.0
1971,2863,2224,738.0,20.0,172.0,52.0,50.0,20.0
864,4597,873,889.0,55.0,685.0,168.0,92.0,129.0
654,675,1050,146.0,0.0,93.0,7.0,13.0,73.0
2235,4483,539,315.0,26.0,473.0,220.0,12.0,182.0
316,1502,1539,18.0,3.0,19.0,3.0,3.0,6.0
586,736,27,18.0,3.0,19.0,3.0,3.0,6.0
1906,4487,1131,15.0,20.0,25.0,2.0,7.0,26.0
942,3412,861,815.0,8.0,53.0,11.0,0.0,70.0
1183,1744,2067,9.0,7.0,13.0,3.0,2.0,20.0
1291,5837,738,247.0,8.0,160.0,6.0,8.0,65.0
1856,3422,2130,1115.0,12.0,128.0,33.0,12.0,76.0
249,7462,1698,68.0,0.0,226.0,51.0,157.0,68.0
455,10702,550,185.0,8.0,133.0,56.0,56.0,12.0
880,2115,1022,54.0,0.0,10.0,0.0,0.0,2.0
326,4138,162,411.0,106.0,147.0,54.0,115.0,66.0
2165,11091,324,7.0,2.0,9.0,2.0,0.0,2.0
542,7712,482,182.0,17.0,259.0,77.0,70.0,29.0
1007,3535,2098,251.0,108.0,334.0,65.0,92.0,117.0
981,5899,1003,28.0,0.0,6.0,1.0,1.0,13.0
1629,8749,939,20.0,2.0,9.0,4.0,6.0,20.0
2095,10955,1189,416.0,46.0,925.0,60.0,107.0,46.0
207,9491,849,14.0,1.0,21.0,2.0,3.0,25.0
1159,5286,1942,112.0,1.0,54.0,7.0,7.0,36.0
636,3409,1518,141.0,8.0,129.0,3.0,11.0,47.0
48,2544,1581,50.0,1.0,27.0,6.0,7.0,1.0
1430,2118,1709,166.0,75.0,96.0,119.0,107.0,59.0
421,9370,5,562.0,81.0,276.0,80.0,40.0,81.0
2057,4864,1026,72.0,7.0,58.0,13.0,1.0,24.0
808,405,1780,315.0,0.0,31.0,4.0,0.0,91.0
1321,10513,773,438.0,169.0,565.0,91.0,169.0,70.0
1105,5138,584,19.0,1.0,14.0,3.0,2.0,4.0
99,8387,1515,134.0,8.0,76.0,6.0,0.0,11.0
1438,378,914,283.0,112.0,151.0,51.0,72.0,125.0
759,5846,747,2.0,1.0,6.0,2.0,1.0,1.0
718,8870,2106,75.0,12.0,141.0,43.0,39.0,187.0
185,10340,199,75.0,12.0,141.0,43.0,39.0,187.0
196,7290,2110,347.0,44.0,534.0,17.0,0.0,26.0
2208,8895,1402,347.0,44.0,534.0,17.0,0.0,26.0
1100,3635,1959,492.0,0.0,37.0,7.0,0.0,42.0
2156,11178,813,15.0,2.0,10.0,0.0,1.0,4.0
1813,2410,24,364.0,40.0,425.0,158.0,60.0,50.0
1332,3281,2032,206.0,10.0,67.0,30.0,27.0,71.0
2050,9905,558,135.0,1.0,41.0,10.0,1.0,67.0
1095,2437,2026,861.0,138.0,461.0,60.0,30.0,61.0
1907,2565,457,1016.0,12.0,215.0,16.0,12.0,63.0
287,7912,177,8.0,15.0,27.0,0.0,20.0,33.0
1240,7072,1533,432.0,79.0,341.0,177.0,136.0,170.0
70,1409,1677,270.0,3.0,27.0,39.0,6.0,99.0
1352,5314,1501,270.0,3.0,27.0,39.0,6.0,99.0
1118,7215,432,722.0,27.0,102.0,44.0,72.0,168.0
1315,8858,912,516.0,0.0,21.0,0.0,0.0,5.0
371,895,1545,410.0,16.0,114.0,0.0,5.0,49.0
743,10313,1396,159.0,4.0,45.0,6.0,2.0,38.0
1657,642,736,1.0,3.0,2.0,20.0,30.0,47.0
1445,8504,771,350.0,60.0,568.0,110.0,133.0,145.0
2037,1020,2113,350.0,60.0,568.0,110.0,133.0,145.0
1584,3717,835,403.0,24.0,29.0,6.0,24.0,218.0
1904,7646,1774,218.0,63.0,282.0,137.0,35.0,70.0
1104,5796,880,560.0,21.0,442.0,29.0,44.0,29.0
1602,8625,1647,15.0,1.0,23.0,0.0,5.0,1.0
331,5407,1354,729.0,17.0,133.0,11.0,0.0,195.0
2202,4356,447,1224.0,28.0,140.0,0.0,14.0,168.0
442,2886,1406,1121.0,0.0,72.0,0.0,12.0,12.0
1534,10057,1174,503.0,27.0,419.0,90.0,139.0,153.0
1870,10741,739,172.0,12.0,112.0,8.0,0.0,15.0
1047,5491,1621,172.0,12.0,112.0,8.0,0.0,15.0
386,4442,1344,31.0,19.0,35.0,26.0,14.0,52.0
1823,3972,1217,266.0,6.0,51.0,8.0,6.0,64.0
814,2431,2210,12.0,4.0,19.0,12.0,6.0,14.0
468,7899,484,1245.0,33.0,332.0,21.0,33.0,16.0
1601,9703,1224,77.0,2.0,35.0,0.0,1.0,69.0
1003,6927,1845,224.0,0.0,30.0,0.0,0.0,10.0
1658,7005,1572,479.0,35.0,179.0,28.0,7.0,85.0
277,246,79,199.0,9.0,57.0,20.0,21.0,6.0
627,4796,385,18.0,10.0,3.0,3.0,5.0,0.0
711,4725,254,30.0,2.0,25.0,0.0,1.0,9.0
213,3286,1725,13.0,2.0,15.0,2.0,2.0,8.0
1194,10680,663,45.0,0.0,16.0,2.0,1.0,6.0
520,4297,1049,13.0,2.0,18.0,6.0,1.0,0.0
2158,7327,577,21.0,5.0,3.0,10.0,1.0,7.0
950,1553,194,966.0,168.0,672.0,246.0,105.0,126.0
868,1665,141,1459.0,0.0,61.0,0.0,15.0,215.0
834,10640,594,87.0,5.0,71.0,7.0,12.0,29.0
58,7620,1319,5.0,11.0,16.0,21.0,8.0,45.0
1381,7761,629,13.0,11.0,24.0,13.0,8.0,40.0
328,5062,1220,35.0,0.0,4.0,0.0,0.0,0.0
748,6349,679,621.0,73.0,414.0,78.0,48.0,85.0
57,3386,1747,34.0,4.0,66.0,3.0,10.0,20.0
1980,8175,917,34.0,4.0,66.0,3.0,10.0,20.0
638,6245,140,378.0,14.0,68.0,19.0,14.0,14.0
1266,8780,1881,378.0,14.0,68.0,19.0,14.0,14.0
1986,2276,1489,430.0,16.0,322.0,43.0,24.0,33.0
436,1172,232,979.0,44.0,935.0,29.0,25.0,22.0
1669,3225,779,116.0,11.0,72.0,3.0,17.0,46.0
1928,8629,44,19.0,1.0,10.0,2.0,1.0,8.0
1636,798,1788,2.0,0.0,6.0,8.0,6.0,5.0
1278,269,1085,777.0,30.0,163.0,0.0,51.0,122.0
139,8213,65,6.0,4.0,9.0,6.0,36.0,35.0
1239,10245,1411,160.0,80.0,369.0,67.0,39.0,41.0
883,2447,1171,4.0,12.0,15.0,19.0,7.0,12.0
1176,9817,1091,853.0,10.0,143.0,13.0,10.0,20.0
22,1371,1805,123.0,164.0,266.0,227.0,30.0,174.0
1435,8093,326,572.0,8.0,232.0,23.0,62.0,17.0
1449,713,127,141.0,15.0,153.0,67.0,31.0,35.0
1414,11051,921,492.0,19.0,110.0,16.0,12.0,12.0
39,5545,516,572.0,8.0,259.0,34.0,35.0,80.0
1597,5283,987,93.0,1.0,21.0,0.0,4.0,25.0
2218,5010,1482,2.0,8.0,8.0,6.0,1.0,9.0
2197,7495,1307,77.0,28.0,31.0,16.0,0.0,4.0
1169,4368,1166,42.0,7.0,43.0,20.0,12.0,10.0
2121,6303,1302,410.0,73.0,747.0,76.0,161.0,30.0
761,1030,1839,22.0,0.0,13.0,0.0,0.0,3.0
1155,10364,2081,0.0,0.0,1.0,2.0,12.0,5.0
112,6945,102,387.0,20.0,713.0,38.0,54.0,163.0
582,8562,2014,127.0,4.0,73.0,15.0,6.0,11.0
1739,2918,1951,44.0,5.0,19.0,0.0,4.0,19.0
1351,9167,1817,465.0,71.0,250.0,93.0,35.0,62.0
904,4743,788,689.0,8.0,167.0,11.0,8.0,88.0
1407,10742,1859,532.0,21.0,127.0,26.0,20.0,20.0
506,10965,2232,983.0,20.0,389.0,240.0,50.0,40.0
1081,7129,656,686.0,17.0,142.0,23.0,26.0,35.0
425,3732,1056,393.0,0.0,239.0,90.0,69.0,69.0
1013,7124,1066,43.0,4.0,12.0,8.0,0.0,27.0
684,10686,1031,15.0,0.0,4.0,0.0,0.0,2.0
2159,7247,2097,505.0,0.0,26.0,0.0,0.0,75.0
1566,1513,781,600.0,21.0,128.0,223.0,150.0,128.0
1754,460,374,792.0,86.0,740.0,67.0,51.0,17.0
235,6653,1739,293.0,0.0,87.0,4.0,11.0,23.0
854,9400,1645,630.0,26.0,611.0,44.0,18.0,54.0
1031,7106,1654,483.0,0.0,591.0,156.0,0.0,12.0
1437,4252,1565,213.0,5.0,28.0,7.0,7.0,41.0
195,9240,2029,458.0,0.0,24.0,6.0,4.0,34.0
601,10770,730,247.0,161.0,295.0,210.0,85.0,47.0
2102,176,2112,90.0,38.0,67.0,33.0,36.0,67.0
231,6870,761,182.0,2.0,49.0,17.0,13.0,20.0
741,143,952,466.0,0.0,224.0,119.0,49.0,99.0
333,6445,732,243.0,101.0,405.0,29.0,40.0,40.0
673,4278,1917,910.0,111.0,724.0,49.0,74.0,55.0
1404,6906,2199,167.0,48.0,602.0,63.0,72.0,72.0
1400,4637,1246,960.0,64.0,464.0,146.0,0.0,16.0
2240,8690,1133,399.0,28.0,756.0,36.0,40.0,126.0
1116,1173,1451,1200.0,105.0,758.0,0.0,42.0,147.0
1611,1928,1829,35.0,3.0,20.0,4.0,1.0,20.0
1985,9029,540,707.0,44.0,603.0,95.0,58.0,29.0
1635,10299,1110,389.0,91.0,248.0,64.0,49.0,41.0
174,9246,1844,171.0,3.0,129.0,26.0,24.0,62.0
1570,4943,1074,1379.0,33.0,216.0,0.0,33.0,66.0
11,4122,345,504.0,23.0,117.0,179.0,28.0,44.0
1043,2853,1068,60.0,51.0,87.0,6.0,20.0,51.0
532,902,1112,224.0,12.0,48.0,4.0,12.0,12.0
1807,1672,14,204.0,7.0,149.0,20.0,15.0,66.0
678,7254,156,39.0,0.0,56.0,20.0,8.0,14.0
821,8775,2211,39.0,0.0,56.0,20.0,8.0,14.0
173,9543,2070,3.0,6.0,5.0,0.0,2.0,6.0
475,7093,1334,3.0,6.0,5.0,0.0,2.0,6.0
2221,2894,487,1067.0,138.0,750.0,0.0,19.0,39.0
1637,5956,1507,144.0,2.0,99.0,7.0,2.0,30.0
356,1921,1450,46.0,1.0,12.0,3.0,0.0,9.0
1551,5057,1177,264.0,47.0,188.0,54.0,47.0,11.0
14,10260,1669,202.0,5.0,74.0,11.0,5.0,14.0
1878,2262,1140,202.0,5.0,74.0,11.0,5.0,14.0
108,7930,1268,101.0,13.0,76.0,20.0,18.0,40.0
675,1461,198,17.0,1.0,12.0,3.0,1.0,4.0
1872,7514,1776,84.0,10.0,34.0,11.0,10.0,28.0
587,6461,504,581.0,49.0,157.0,43.0,8.0,108.0
337,257,957,952.0,12.0,180.0,47.0,12.0,12.0
293,9460,2019,30.0,3.0,47.0,19.0,21.0,42.0
394,3855,1950,30.0,3.0,47.0,19.0,21.0,42.0
1837,367,1048,47.0,90.0,94.0,123.0,103.0,120.0
1225,9265,716,925.0,64.0,179.0,133.0,12.0,77.0
498,1990,1622,965.0,34.0,586.0,89.0,86.0,37.0
395,3594,2180,539.0,6.0,91.0,8.0,6.0,97.0
1129,9292,1419,324.0,132.0,693.0,27.0,118.0,88.0
1178,6218,104,457.0,4.0,29.0,0.0,0.0,9.0
1871,6528,1537,2.0,2.0,2.0,2.0,1.0,1.0
190,10164,1484,1017.0,33.0,417.0,108.0,100.0,16.0
354,9937,1993,187.0,81.0,149.0,25.0,43.0,91.0
283,274,1595,9.0,3.0,15.0,2.0,3.0,2.0
1195,5250,604,532.0,126.0,490.0,164.0,126.0,126.0
2061,11010,890,19.0,3.0,18.0,3.0,1.0,0.0
698,6969,580,99.0,13.0,66.0,43.0,8.0,4.0
1306,10735,1127,14.0,1.0,7.0,2.0,1.0,1.0
1929,5068,817,14.0,1.0,7.0,2.0,1.0,1.0
1720,9974,1083,15.0,6.0,20.0,4.0,5.0,20.0
991,7053,1441,604.0,28.0,674.0,91.0,28.0,28.0
776,3179,2107,249.0,153.0,940.0,58.0,134.0,38.0
1786,8082,1387,1.0,3.0,6.0,3.0,6.0,15.0
233,1362,995,33.0,87.0,64.0,175.0,16.0,74.0
948,6768,1763,22.0,1.0,8.0,2.0,1.0,2.0
152,2375,1005,8.0,0.0,5.0,0.0,3.0,6.0
903,6856,1866,14.0,0.0,23.0,4.0,5.0,19.0
122,4066,1676,1.0,5.0,8.0,4.0,8.0,20.0
278,4333,1208,41.0,0.0,10.0,0.0,0.0,3.0
1374,2948,1415,104.0,12.0,48.0,4.0,12.0,5.0
1568,4927,1779,8.0,3.0,22.0,21.0,1.0,13.0
416,7426,1125,111.0,16.0,37.0,7.0,9.0,18.0
448,8360,1967,111.0,16.0,37.0,7.0,9.0,18.0
1044,4058,330,618.0,15.0,106.0,20.0,7.0,45.0
1218,10755,1498,6.0,3.0,14.0,15.0,7.0,36.0
2155,8414,944,56.0,0.0,12.0,0.0,0.0,18.0
943,6810,1812,267.0,98.0,606.0,48.0,70.0,98.0
1748,3839,1475,6.0,12.0,3.0,21.0,6.0,40.0
1797,3483,1877,1039.0,43.0,204.0,153.0,58.0,29.0
1433,238,1086,515.0,47.0,181.0,149.0,95.0,95.0
1125,591,1810,293.0,35.0,179.0,46.0,59.0,65.0
1988,5063,934,41.0,5.0,129.0,10.0,3.0,3.0
1203,4303,1158,107.0,2.0,12.0,2.0,2.0,12.0
1343,2258,178,8.0,4.0,15.0,7.0,6.0,2.0
1903,7301,2007,4.0,22.0,11.0,3.0,7.0,32.0
1976,11121,1630,2.0,14.0,28.0,16.0,3.0,7.0
2201,5287,875,45.0,2.0,26.0,4.0,1.0,1.0
262,6457,1614,527.0,24.0,230.0,32.0,24.0,65.0
1491,3559,2196,12.0,11.0,10.0,3.0,12.0,9.0
1219,5577,731,8.0,0.0,9.0,2.0,1.0,3.0
937,641,2179,59.0,0.0,12.0,0.0,0.0,48.0
1548,954,961,3.0,3.0,24.0,34.0,7.0,31.0
1634,1834,850,30.0,5.0,23.0,4.0,1.0,4.0
40,8789,293,35.0,40.0,111.0,36.0,40.0,12.0
78,10584,479,225.0,162.0,387.0,106.0,36.0,29.0
1775,2337,796,9.0,1.0,24.0,2.0,1.0,2.0
113,6071,1934,493.0,70.0,324.0,146.0,40.0,84.0
153,295,1300,493.0,70.0,324.0,146.0,40.0,84.0
80,10203,386,11.0,7.0,9.0,3.0,1.0,11.0
1829,3968,703,918.0,10.0,129.0,13.0,0.0,129.0
1465,4037,82,3.0,1.0,3.0,8.0,0.0,5.0
2076,6932,1510,1285.0,42.0,716.0,55.0,0.0,21.0
2169,10159,126,440.0,81.0,368.0,0.0,122.0,174.0
523,1177,1122,80.0,3.0,26.0,4.0,2.0,14.0
2130,9426,908,691.0,0.0,69.0,10.0,0.0,130.0
1876,10637,2116,24.0,0.0,27.0,8.0,30.0,10.0
322,10826,1902,6.0,1.0,7.0,23.0,4.0,19.0
166,4086,1521,6.0,1.0,7.0,23.0,4.0,19.0
149,10304,2213,6.0,1.0,7.0,23.0,4.0,19.0
589,7998,1715,53.0,8.0,17.0,13.0,0.0,21.0
521,10992,1675,650.0,28.0,353.0,45.0,42.0,30.0
461,6383,1820,26.0,0.0,15.0,2.0,1.0,2.0
1126,10536,1609,26.0,0.0,15.0,2.0,1.0,2.0
1546,6036,1710,1168.0,92.0,408.0,72.0,129.0,55.0
1889,11092,59,12.0,1.0,21.0,2.0,2.0,3.0
669,538,1161,31.0,9.0,27.0,16.0,9.0,33.0
2113,10022,2023,12.0,0.0,4.0,0.0,0.0,0.0
1467,10157,229,89.0,15.0,89.0,34.0,42.0,5.0
1507,3503,2150,255.0,47.0,573.0,52.0,32.0,15.0
1308,146,2114,760.0,53.0,400.0,17.0,93.0,0.0
1222,5538,1945,897.0,161.0,430.0,186.0,161.0,27.0
438,3910,1333,897.0,161.0,430.0,186.0,161.0,27.0
885,4227,1584,28.0,0.0,13.0,4.0,2.0,8.0
701,6634,2034,22.0,3.0,18.0,0.0,0.0,11.0
841,8916,867,9.0,1.0,5.0,0.0,0.0,1.0
71,6460,47,12.0,4.0,6.0,11.0,8.0,16.0
1152,5883,1052,138.0,120.0,204.0,16.0,126.0,60.0
150,10091,1353,520.0,20.0,367.0,39.0,81.0,40.0
2123,697,427,972.0,59.0,913.0,25.0,19.0,59.0
446,2607,1836,424.0,17.0,118.0,7.0,23.0,41.0
1185,8427,1702,556.0,14.0,717.0,210.0,0.0,43.0
1810,217,617,556.0,14.0,717.0,210.0,0.0,43.0
970,6202,863,571.0,50.0,142.0,33.0,50.0,159.0
534,3856,250,571.0,50.0,142.0,33.0,50.0,159.0
1603,10648,2100,398.0,96.0,447.0,220.0,96.0,32.0
549,5120,1546,398.0,96.0,447.0,220.0,96.0,32.0
321,6749,128,957.0,47.0,494.0,82.0,47.0,95.0
167,1584,422,171.0,7.0,171.0,25.0,19.0,89.0
1909,9559,1720,944.0,0.0,60.0,0.0,0.0,30.0
1037,771,1578,135.0,9.0,39.0,4.0,0.0,7.0
1738,5237,1376,28.0,1.0,21.0,3.0,0.0,10.0
1489,2461,705,26.0,1.0,11.0,0.0,1.0,4.0
1483,5474,1651,45.0,7.0,99.0,4.0,25.0,43.0
309,2895,1291,104.0,1.0,54.0,13.0,9.0,14.0
302,7972,2022,400.0,32.0,519.0,71.0,75.0,54.0
1993,10067,1652,4.0,0.0,4.0,0.0,0.0,5.0
969,500,1531,908.0,43.0,735.0,40.0,194.0,21.0
1115,922,692,16.0,2.0,11.0,3.0,0.0,16.0
983,2861,1593,9.0,1.0,6.0,3.0,0.0,4.0
29,375,1615,516.0,56.0,449.0,86.0,33.0,16.0
530,10936,52,597.0,166.0,597.0,172.0,166.0,249.0
1650,10314,1286,847.0,66.0,119.0,86.0,89.0,111.0
1311,4240,1030,4.0,9.0,16.0,17.0,0.0,12.0
1969,2674,271,543.0,10.0,205.0,160.0,143.0,82.0
109,2563,242,1.0,9.0,7.0,2.0,14.0,10.0
1021,8312,207,1.0,9.0,7.0,2.0,14.0,10.0
656,6999,132,656.0,16.0,106.0,32.0,16.0,8.0
2183,7574,1657,11.0,0.0,13.0,2.0,4.0,11.0
1093,5223,1799,33.0,8.0,10.0,2.0,10.0,3.0
1790,2952,1653,29.0,3.0,30.0,3.0,2.0,9.0
104,7683,1195,554.0,35.0,113.0,0.0,7.0,78.0
1581,9481,1463,9.0,9.0,11.0,13.0,10.0,16.0
1473,9907,536,742.0,28.0,152.0,25.0,9.0,57.0
715,5454,406,37.0,0.0,7.0,3.0,0.0,3.0
955,3798,404,24.0,2.0,23.0,0.0,8.0,24.0
1303,7281,1288,81.0,11.0,50.0,3.0,2.0,39.0
745,4259,1,6.0,0.0,4.0,0.0,0.0,0.0
2229,2549,1132,17.0,0.0,9.0,0.0,0.0,1.0
1805,6437,586,21.0,8.0,20.0,15.0,3.0,9.0
1057,2488,305,23.0,1.0,25.0,0.0,8.0,7.0
2140,3945,1722,618.0,44.0,215.0,0.0,17.0,36.0
817,702,1509,162.0,61.0,83.0,97.0,57.0,61.0
35,9010,2043,968.0,147.0,842.0,137.0,42.0,210.0
1062,9710,283,708.0,7.0,62.0,0.0,0.0,15.0
1945,1509,1409,152.0,27.0,103.0,106.0,54.0,81.0
1504,9120,1685,747.0,10.0,161.0,65.0,40.0,42.0
1229,5252,1861,16.0,12.0,18.0,7.0,1.0,13.0
881,5959,2004,158.0,0.0,23.0,0.0,0.0,18.0
2180,7441,1751,958.0,159.0,447.0,20.0,0.0,31.0
382,4271,605,46.0,35.0,69.0,84.0,41.0,66.0
1286,4095,1434,167.0,37.0,64.0,49.0,34.0,116.0
624,8852,1294,387.0,126.0,342.0,0.0,45.0,180.0
484,7698,1601,152.0,3.0,22.0,2.0,5.0,7.0
663,4174,1760,97.0,1.0,19.0,2.0,0.0,11.0
557,3182,1538,96.0,1.0,79.0,7.0,1.0,79.0
835,193,2088,0.0,0.0,2.0,3.0,3.0,8.0
603,5229,756,30.0,1.0,8.0,0.0,0.0,3.0
1516,5555,1476,1.0,1.0,1.0,1.0,1.0,1.0
391,7732,2000,293.0,0.0,124.0,179.0,97.0,52.0
1268,310,1684,330.0,5.0,159.0,36.0,27.0,16.0
1180,6261,1108,270.0,31.0,88.0,11.0,48.0,22.0
457,6274,1184,1076.0,16.0,417.0,42.0,48.0,16.0
658,1655,959,16.0,3.0,15.0,2.0,1.0,11.0
882,2740,854,62.0,1.0,16.0,3.0,2.0,6.0
481,4328,1880,5.0,1.0,7.0,17.0,14.0,11.0
838,17,380,637.0,47.0,237.0,12.0,19.0,76.0
686,9153,200,418.0,61.0,428.0,80.0,51.0,10.0
2172,520,123,3.0,3.0,7.0,6.0,2.0,9.0
1124,8372,2147,3.0,3.0,7.0,6.0,2.0,9.0
1674,73,1831,14.0,0.0,3.0,0.0,0.0,1.0
1610,2002,1499,587.0,51.0,932.0,180.0,34.0,86.0
2092,6059,573,986.0,36.0,168.0,16.0,0.0,108.0
1227,11166,1656,229.0,5.0,56.0,3.0,2.0,20.0
437,6257,164,255.0,43.0,134.0,37.0,14.0,24.0
404,9224,1649,825.0,8.0,53.0,11.0,0.0,242.0
1018,8732,918,1298.0,0.0,70.0,37.0,14.0,42.0
1396,955,97,167.0,2.0,44.0,6.0,2.0,19.0
2090,4910,923,1132.0,134.0,384.0,175.0,134.0,115.0
978,564,632,746.0,8.0,125.0,11.0,8.0,8.0
916,8931,215,812.0,99.0,431.0,237.0,149.0,33.0
575,1998,726,34.0,6.0,21.0,11.0,4.0,8.0
69,1250,1813,34.0,6.0,21.0,11.0,4.0,8.0
556,8397,2229,18.0,0.0,5.0,0.0,0.0,11.0
579,9672,1566,8.0,3.0,9.0,19.0,4.0,22.0
1318,2125,1632,194.0,61.0,480.0,225.0,112.0,30.0
2018,5975,1738,37.0,0.0,17.0,0.0,0.0,3.0
473,983,1036,110.0,29.0,92.0,28.0,10.0,145.0
1950,9938,2125,519.0,17.0,813.0,27.0,173.0,51.0
482,4385,741,23.0,0.0,15.0,0.0,2.0,7.0
197,1612,1399,23.0,0.0,15.0,0.0,2.0,7.0
791,803,1243,12.0,0.0,5.0,0.0,0.0,4.0
2224,10675,1674,909.0,11.0,218.0,0.0,0.0,23.0
1996,7004,1107,24.0,3.0,26.0,7.0,1.0,23.0
2005,4432,519,2.0,3.0,20.0,6.0,11.0,9.0
1576,5079,327,71.0,1.0,16.0,0.0,0.0,9.0
1263,4475,1898,1315.0,22.0,780.0,145.0,0.0,178.0
2211,10868,91,344.0,45.0,654.0,104.0,11.0,114.0
2225,6742,1721,2.0,2.0,1.0,3.0,1.0,2.0
1798,5692,139,1.0,4.0,3.0,8.0,9.0,7.0
2062,339,2108,462.0,0.0,24.0,6.0,0.0,4.0
1461,10398,277,1.0,6.0,2.0,8.0,2.0,12.0
846,8017,1065,22.0,0.0,19.0,6.0,5.0,3.0
1224,3722,1540,31.0,1.0,8.0,0.0,0.0,8.0
1917,7326,2192,34.0,1.0,19.0,2.0,7.0,0.0
514,2416,1971,789.0,25.0,420.0,16.0,38.0,0.0
1342,1878,1552,4.0,6.0,8.0,6.0,3.0,10.0
1962,5278,338,307.0,26.0,360.0,138.0,31.0,40.0
1049,5734,673,46.0,4.0,36.0,2.0,2.0,1.0
355,4370,1350,18.0,1.0,32.0,6.0,3.0,28.0
349,8405,1194,135.0,25.0,51.0,23.0,25.0,46.0
529,7617,1718,67.0,5.0,61.0,3.0,8.0,19.0
977,10339,1263,161.0,0.0,22.0,0.0,0.0,24.0
1077,6376,616,191.0,56.0,139.0,51.0,8.0,100.0
788,2150,974,860.0,28.0,409.0,73.0,56.0,56.0
1296,7386,279,17.0,0.0,14.0,7.0,3.0,2.0
1288,3006,145,17.0,0.0,14.0,7.0,3.0,2.0
2207,11088,681,1396.0,0.0,322.0,46.0,35.0,17.0
279,5185,1410,199.0,66.0,315.0,97.0,174.0,41.0
2166,3523,1330,583.0,34.0,309.0,0.0,22.0,125.0
324,55,525,509.0,0.0,65.0,7.0,11.0,5.0
286,3807,2065,473.0,21.0,176.0,19.0,21.0,56.0
1205,2453,217,526.0,28.0,135.0,10.0,21.0,99.0
611,7787,2111,526.0,28.0,135.0,10.0,21.0,99.0
1814,2230,253,27.0,2.0,14.0,0.0,0.0,0.0
1671,8146,1020,30.0,0.0,8.0,2.0,0.0,14.0
269,988,2188,410.0,0.0,592.0,147.0,22.0,22.0
626,4832,609,6.0,5.0,17.0,3.0,24.0,46.0
1154,3152,733,15.0,10.0,19.0,8.0,17.0,20.0
1697,11188,2127,15.0,10.0,19.0,8.0,17.0,20.0
72,361,1113,5.0,1.0,7.0,2.0,1.0,4.0
2210,5939,2066,43.0,5.0,28.0,7.0,6.0,33.0
1123,9349,1928,693.0,21.0,118.0,110.0,147.0,42.0
250,819,1452,508.0,124.0,249.0,50.0,38.0,134.0
584,10120,1076,116.0,6.0,82.0,6.0,6.0,41.0
1284,4541,1404,116.0,6.0,82.0,6.0,6.0,41.0
994,2456,1741,80.0,4.0,46.0,0.0,17.0,2.0
198,2516,362,22.0,2.0,10.0,6.0,4.0,34.0
2,11013,803,336.0,28.0,282.0,184.0,54.0,54.0
1967,9988,1914,553.0,25.0,142.0,65.0,67.0,8.0
18,1627,202,408.0,61.0,109.0,48.0,122.0,41.0
215,1490,1206,675.0,0.0,85.0,10.0,7.0,77.0
1862,6710,2175,68.0,1.0,13.0,3.0,5.0,13.0
567,7375,763,297.0,7.0,79.0,0.0,11.0,182.0
1061,10144,1142,297.0,7.0,79.0,0.0,11.0,182.0
1071,3138,61,1324.0,27.0,119.0,71.0,108.0,27.0
83,1440,25,367.0,17.0,241.0,104.0,188.0,232.0
1803,4200,99,167.0,2.0,62.0,24.0,13.0,7.0
1587,4998,2048,292.0,30.0,415.0,63.0,33.0,200.0
921,7321,230,292.0,30.0,415.0,63.0,33.0,200.0
1957,8663,953,11.0,0.0,3.0,0.0,0.0,1.0
1661,1958,2158,582.0,0.0,65.0,0.0,0.0,13.0
363,6963,554,675.0,11.0,400.0,15.0,45.0,11.0
1171,1065,693,557.0,129.0,984.0,193.0,37.0,18.0
945,2712,368,184.0,178.0,178.0,103.0,39.0,33.0
2170,6049,1793,1142.0,51.0,415.0,90.0,69.0,37.0
923,6605,603,504.0,13.0,131.0,8.0,0.0,26.0
1386,11181,1646,2.0,1.0,2.0,1.0,1.0,1.0
1699,5234,1245,12.0,5.0,25.0,0.0,9.0,30.0
1440,5253,1363,145.0,13.0,46.0,17.0,2.0,4.0
1791,11148,1011,2.0,1.0,4.0,3.0,1.0,2.0
968,6289,807,135.0,0.0,10.0,0.0,4.0,36.0
1466,9743,76,1449.0,89.0,161.0,69.0,35.0,107.0
451,9209,1841,829.0,138.0,430.0,60.0,92.0,15.0
1591,6417,2038,829.0,138.0,430.0,60.0,92.0,15.0
130,7937,359,10.0,7.0,25.0,6.0,3.0,7.0
590,6488,897,76.0,0.0,7.0,0.0,0.0,16.0
687,3194,791,412.0,12.0,546.0,78.0,182.0,0.0
728,231,1227,24.0,0.0,7.0,0.0,0.0,1.0
1557,9697,1858,335.0,42.0,127.0,28.0,5.0,5.0
1512,4676,1424,612.0,91.0,520.0,258.0,107.0,107.0
2097,8079,1144,3.0,1.0,8.0,23.0,2.0,18.0
1696,10032,1139,3.0,5.0,14.0,2.0,12.0,17.0
256,10505,1116,741.0,19.0,154.0,50.0,9.0,28.0
965,2005,1730,22.0,3.0,30.0,0.0,5.0,15.0
704,6940,1735,100.0,1.0,39.0,6.0,1.0,76.0
497,2304,557,625.0,7.0,99.0,10.0,22.0,7.0
413,3170,441,389.0,66.0,408.0,37.0,57.0,85.0
2160,10466,1421,24.0,2.0,20.0,2.0,2.0,10.0
1600,7325,2176,23.0,0.0,11.0,2.0,1.0,3.0
1295,455,592,102.0,9.0,63.0,2.0,9.0,24.0
606,7592,1849,102.0,9.0,63.0,2.0,9.0,24.0
830,4547,1315,6.0,2.0,9.0,2.0,1.0,5.0
1523,6825,2104,13.0,0.0,3.0,0.0,0.0,0.0
42,2961,1981,175.0,10.0,110.0,54.0,6.0,27.0
157,8700,275,7.0,7.0,14.0,7.0,16.0,15.0
616,2278,309,4.0,17.0,19.0,30.0,24.0,39.0
952,10703,1603,57.0,0.0,27.0,0.0,0.0,36.0
1242,9,157,57.0,0.0,27.0,0.0,0.0,36.0
1179,2804,1994,57.0,0.0,27.0,0.0,0.0,36.0
1685,4915,794,176.0,72.0,98.0,136.0,21.0,229.0
1827,3010,2163,957.0,153.0,612.0,99.0,95.0,153.0
1579,4279,475,15.0,4.0,10.0,3.0,4.0,18.0
971,2564,717,111.0,3.0,28.0,2.0,6.0,15.0
816,1137,1689,398.0,190.0,537.0,61.0,156.0,37.0
777,5084,640,445.0,53.0,213.0,104.0,98.0,151.0
2117,7094,268,445.0,53.0,213.0,104.0,98.0,151.0
1769,6327,808,565.0,32.0,435.0,28.0,32.0,54.0
716,6131,334,141.0,70.0,106.0,72.0,19.0,23.0
685,5798,780,445.0,37.0,359.0,98.0,28.0,18.0
964,10379,1692,327.0,9.0,122.0,19.0,14.0,83.0
1524,606,2239,6.0,1.0,2.0,2.0,0.0,4.0
749,7801,421,197.0,107.0,227.0,7.0,59.0,131.0
1135,2445,434,38.0,1.0,24.0,0.0,0.0,0.0
352,5346,697,25.0,5.0,19.0,7.0,0.0,23.0
194,550,2225,243.0,131.0,217.0,85.0,6.0,26.0
990,4478,1648,457.0,5.0,106.0,15.0,17.0,53.0
95,2350,588,623.0,53.0,178.0,23.0,17.0,133.0
1772,1118,1332,544.0,13.0,85.0,8.0,6.0,29.0
2079,1491,1636,162.0,33.0,124.0,40.0,28.0,172.0
615,4507,1976,631.0,28.0,491.0,30.0,14.0,56.0
565,7023,1478,189.0,2.0,55.0,0.0,5.0,12.0
1936,6977,942,1073.0,0.0,629.0,145.0,37.0,37.0
823,4042,1138,91.0,3.0,52.0,2.0,1.0,31.0
450,7274,719,736.0,163.0,818.0,212.0,163.0,61.0
77,2902,984,19.0,4.0,12.0,2.0,2.0,6.0
930,3332,1732,64.0,4.0,68.0,7.0,5.0,17.0
237,7433,464,64.0,4.0,68.0,7.0,5.0,17.0
1540,9386,1670,274.0,0.0,21.0,4.0,6.0,15.0
1377,5176,524,7.0,6.0,13.0,7.0,6.0,14.0
1340,10323,1705,205.0,7.0,41.0,3.0,2.0,46.0
1702,4682,261,99.0,27.0,102.0,28.0,48.0,6.0
1200,3083,75,215.0,13.0,87.0,17.0,17.0,24.0
1693,8015,819,714.0,76.0,395.0,116.0,0.0,12.0
1888,1745,2146,714.0,76.0,395.0,116.0,0.0,12.0
799,3136,1082,317.0,25.0,265.0,25.0,19.0,12.0
1076,6991,1999,537.0,6.0,42.0,16.0,6.0,30.0
1065,8132,400,565.0,6.0,65.0,0.0,6.0,19.0
1212,503,1417,13.0,1.0,29.0,3.0,0.0,7.0
1156,8148,637,285.0,28.0,242.0,55.0,114.0,135.0
775,2736,1752,366.0,124.0,156.0,71.0,78.0,54.0
1887,8162,1743,4.0,1.0,11.0,6.0,2.0,2.0
1914,692,1214,4.0,2.0,5.0,0.0,0.0,5.0
540,7706,1575,350.0,104.0,189.0,197.0,151.0,57.0
296,9298,294,1252.0,0.0,465.0,46.0,35.0,0.0
1621,2986,945,7.0,2.0,4.0,2.0,1.0,4.0
478,10812,203,37.0,0.0,46.0,4.0,3.0,0.0
1214,2909,1474,934.0,24.0,230.0,16.0,24.0,36.0
1220,6974,116,518.0,42.0,742.0,55.0,56.0,84.0
1029,9140,1679,51.0,4.0,24.0,4.0,7.0,1.0
2002,4554,1590,171.0,45.0,73.0,59.0,10.0,90.0
254,7791,2134,12.0,1.0,6.0,0.0,1.0,5.0
1880,5455,1949,99.0,0.0,15.0,2.0,1.0,5.0
469,7960,349,734.0,22.0,350.0,151.0,25.0,100.0
1501,3426,425,1045.0,61.0,338.0,60.0,46.0,46.0
340,5316,1275,36.0,4.0,18.0,6.0,2.0,18.0
289,1404,590,51.0,23.0,82.0,33.0,0.0,42.0
1855,10598,2011,12.0,1.0,16.0,4.0,1.0,3.0
2141,8212,300,85.0,15.0,27.0,13.0,13.0,21.0
1395,3233,505,562.0,21.0,464.0,28.0,10.0,32.0
1649,7892,299,6.0,4.0,25.0,15.0,12.0,13.0
2027,2975,1519,717.0,42.0,864.0,219.0,30.0,84.0
2109,5043,51,7.0,23.0,78.0,133.0,49.0,144.0
1421,3104,636,830.0,59.0,968.0,51.0,79.0,19.0
140,10854,1035,29.0,0.0,14.0,0.0,0.0,2.0
1778,7419,1088,8.0,3.0,19.0,0.0,2.0,3.0
2161,5558,407,1020.0,31.0,430.0,62.0,63.0,79.0
2219,832,1369,561.0,14.0,113.0,10.0,14.0,35.0
1092,4964,1029,680.0,11.0,392.0,75.0,0.0,0.0
522,11030,1309,9.0,0.0,3.0,0.0,0.0,4.0
936,4587,956,162.0,25.0,53.0,16.0,0.0,10.0
717,450,2013,67.0,15.0,80.0,17.0,11.0,80.0
443,11031,170,26.0,1.0,10.0,2.0,0.0,1.0
578,4990,1097,524.0,0.0,134.0,28.0,28.0,155.0
424,221,396,138.0,3.0,38.0,4.0,0.0,59.0
117,4351,78,18.0,2.0,10.0,0.0,0.0,25.0
731,1357,32,856.0,59.0,487.0,58.0,29.0,73.0
135,5667,1024,1013.0,30.0,399.0,60.0,46.0,153.0
1757,8867,297,864.0,134.0,768.0,150.0,38.0,172.0
543,2747,1503,864.0,134.0,768.0,150.0,38.0,172.0
1640,7422,815,85.0,44.0,54.0,102.0,78.0,6.0
1082,4148,319,164.0,24.0,103.0,12.0,3.0,42.0
610,9516,1557,620.0,54.0,239.0,99.0,98.0,119.0
477,1291,1664,152.0,9.0,121.0,12.0,12.0,45.0
1688,1833,2133,68.0,8.0,18.0,19.0,8.0,12.0
385,7270,137,908.0,48.0,217.0,32.0,12.0,24.0
980,8182,1340,53.0,3.0,49.0,7.0,4.0,5.0
119,10394,1041,675.0,144.0,133.0,94.0,192.0,241.0
1605,1142,499,208.0,7.0,82.0,30.0,66.0,35.0
1672,451,500,9.0,0.0,7.0,2.0,0.0,4.0
298,7128,22,4.0,0.0,5.0,0.0,1.0,5.0
357,10678,471,653.0,17.0,170.0,34.0,26.0,17.0
650,7755,559,350.0,3.0,39.0,0.0,0.0,19.0
1478,4754,315,30.0,11.0,33.0,13.0,6.0,29.0
906,20,424,43.0,12.0,23.0,29.0,15.0,61.0
855,2246,543,43.0,12.0,23.0,29.0,15.0,61.0
803,10307,978,369.0,9.0,87.0,12.0,14.0,34.0
785,2147,1442,736.0,63.0,946.0,219.0,189.0,126.0
1666,10590,2016,794.0,73.0,573.0,0.0,29.0,14.0
351,6565,77,1012.0,80.0,498.0,0.0,16.0,176.0
1148,6619,570,22.0,1.0,13.0,4.0,0.0,4.0
710,4817,551,3.0,2.0,7.0,0.0,4.0,2.0
1091,4508,1673,203.0,35.0,305.0,46.0,17.0,227.0
1588,4843,932,203.0,35.0,305.0,46.0,17.0,227.0
1824,9197,624,32.0,0.0,5.0,2.0,0.0,8.0
900,6237,133,81.0,4.0,33.0,5.0,2.0,291.0
1090,6515,1188,6.0,2.0,18.0,2.0,8.0,14.0
1480,5954,144,76.0,14.0,74.0,13.0,5.0,10.0
1961,7938,2171,350.0,8.0,66.0,17.0,4.0,4.0
605,961,2136,133.0,27.0,421.0,13.0,195.0,71.0
1537,1764,452,100.0,2.0,128.0,23.0,7.0,10.0
1398,1916,1534,188.0,3.0,180.0,20.0,3.0,43.0
1474,6941,776,17.0,8.0,12.0,11.0,15.0,32.0
1066,5562,566,502.0,12.0,109.0,16.0,6.0,90.0
304,1517,970,3.0,9.0,13.0,2.0,12.0,12.0
390,7286,43,13.0,6.0,15.0,3.0,5.0,13.0
2016,4687,851,674.0,92.0,736.0,39.0,0.0,92.0
691,5631,1827,202.0,47.0,197.0,55.0,42.0,149.0
915,1951,2143,228.0,122.0,122.0,208.0,129.0,30.0
641,123,1160,544.0,35.0,133.0,23.0,151.0,107.0
2120,9451,1912,811.0,76.0,428.0,99.0,137.0,107.0
191,7396,1126,342.0,51.0,936.0,207.0,35.0,26.0
598,3298,15,856.0,0.0,76.0,12.0,9.0,199.0
898,6730,1932,34.0,1.0,14.0,0.0,0.0,5.0
51,9916,84,34.0,1.0,14.0,0.0,0.0,5.0
1008,2227,55,45.0,47.0,52.0,21.0,20.0,25.0
1432,946,9,45.0,47.0,52.0,21.0,20.0,25.0
1541,3745,2087,5.0,36.0,7.0,0.0,10.0,45.0
243,4094,1857,201.0,2.0,43.0,3.0,5.0,35.0
485,8588,2042,201.0,2.0,43.0,3.0,5.0,35.0
1608,3916,1586,639.0,8.0,166.0,11.0,8.0,58.0
1920,9135,143,13.0,2.0,21.0,4.0,0.0,24.0
2066,1755,1514,30.0,11.0,25.0,29.0,1.0,18.0
1802,2875,1948,444.0,44.0,382.0,11.0,8.0,17.0
1409,2008,18,372.0,23.0,384.0,250.0,12.0,108.0
751,10925,926,255.0,31.0,446.0,40.0,56.0,175.0
1297,1604,1643,184.0,2.0,19.0,8.0,8.0,4.0
1590,5389,1331,238.0,17.0,68.0,8.0,10.0,6.0
10,2878,1033,162.0,31.0,127.0,8.0,17.0,69.0
127,4440,1969,509.0,0.0,27.0,0.0,0.0,10.0
1287,1324,307,23.0,3.0,21.0,3.0,19.0,22.0
343,6262,2118,816.0,42.0,450.0,55.0,56.0,154.0
984,3628,1359,4.0,8.0,11.0,19.0,12.0,26.0
2191,3641,1667,10.0,2.0,15.0,2.0,1.0,6.0
585,322,744,29.0,1.0,11.0,0.0,0.0,0.0
1408,175,905,656.0,80.0,455.0,52.0,107.0,93.0
1133,6988,626,656.0,80.0,455.0,52.0,107.0,93.0
1027,8204,1554,482.0,35.0,553.0,72.0,160.0,17.0
795,7476,621,928.0,63.0,254.0,0.0,12.0,12.0
2143,5221,842,714.0,8.0,99.0,11.0,0.0,47.0
1191,8970,94,371.0,22.0,39.0,6.0,0.0,92.0
1237,9286,1236,407.0,28.0,100.0,120.0,74.0,18.0
1780,5831,1626,1017.0,50.0,500.0,65.0,50.0,133.0
1673,1010,1010,41.0,0.0,17.0,3.0,1.0,16.0
700,11074,2157,494.0,92.0,391.0,194.0,11.0,241.0
655,5896,2172,272.0,7.0,80.0,20.0,7.0,11.0
527,3515,844,87.0,13.0,34.0,10.0,6.0,10.0
1599,5324,1412,173.0,43.0,118.0,46.0,27.0,15.0
398,6534,1403,29.0,0.0,29.0,0.0,5.0,4.0
1873,8373,1146,1.0,3.0,6.0,10.0,0.0,9.0
1425,3829,363,1.0,3.0,6.0,10.0,0.0,9.0
1150,4501,1335,292.0,127.0,635.0,132.0,127.0,165.0
1828,4179,1365,8.0,9.0,9.0,2.0,5.0,22.0
260,2292,768,5.0,4.0,8.0,2.0,0.0,5.0
372,9239,34,92.0,4.0,18.0,3.0,3.0,6.0
804,8953,1464,27.0,0.0,5.0,0.0,0.0,3.0
1055,10258,1282,27.0,0.0,5.0,0.0,0.0,3.0
890,3520,1639,162.0,28.0,818.0,0.0,28.0,56.0
2004,10402,858,25.0,1.0,9.0,2.0,1.0,1.0
1586,11114,1318,25.0,4.0,9.0,6.0,8.0,32.0
1594,9553,1202,0.0,2.0,3.0,4.0,1.0,5.0
612,6055,722,546.0,72.0,376.0,94.0,145.0,72.0
1708,4786,1215,555.0,82.0,257.0,93.0,61.0,61.0
205,5015,855,68.0,6.0,38.0,3.0,6.0,41.0
2223,8560,828,351.0,16.0,156.0,7.0,5.0,145.0
665,3469,935,19.0,18.0,33.0,24.0,1.0,8.0
1146,5885,496,73.0,3.0,90.0,12.0,1.0,32.0
306,3310,2167,73.0,3.0,90.0,12.0,1.0,32.0
1623,2134,1773,263.0,5.0,233.0,69.0,41.0,83.0
1530,2532,790,982.0,73.0,351.0,56.0,14.0,175.0
1406,2579,723,495.0,33.0,255.0,11.0,33.0,8.0
577,3117,183,264.0,0.0,21.0,12.0,6.0,147.0
1198,5623,1190,15.0,4.0,13.0,0.0,0.0,19.0
1552,4789,332,769.0,22.0,500.0,210.0,143.0,33.0
1746,9523,1797,5.0,0.0,8.0,2.0,0.0,0.0
257,5268,2208,17.0,8.0,14.0,10.0,4.0,3.0
632,1545,1201,120.0,19.0,206.0,25.0,19.0,54.0
2146,2254,852,627.0,120.0,414.0,121.0,80.0,93.0
1281,2661,1574,12.0,4.0,2.0,10.0,6.0,10.0
734,3130,1558,12.0,4.0,2.0,10.0,6.0,10.0
1492,5847,1867,312.0,21.0,206.0,102.0,92.0,149.0
1348,5863,377,359.0,0.0,134.0,13.0,26.0,123.0
1485,999,1865,490.0,44.0,125.0,29.0,20.0,22.0
193,2931,1796,737.0,21.0,106.0,55.0,63.0,210.0
918,1890,2036,11.0,1.0,4.0,2.0,0.0,7.0
1341,5589,1623,631.0,0.0,115.0,10.0,7.0,30.0
168,10172,1946,456.0,19.0,832.0,75.0,118.0,38.0
44,6729,727,456.0,19.0,832.0,75.0,118.0,38.0
733,10492,17,2.0,0.0,5.0,2.0,0.0,1.0
644,2939,759,751.0,127.0,687.0,20.0,15.0,31.0
268,5948,553,143.0,6.0,52.0,11.0,8.0,17.0
1257,574,248,14.0,36.0,11.0,3.0,26.0,35.0
1818,3266,456,14.0,36.0,11.0,3.0,26.0,35.0
2048,10500,106,19.0,1.0,20.0,16.0,14.0,28.0
694,7987,67,346.0,17.0,48.0,23.0,13.0,13.0
1949,1135,665,18.0,2.0,19.0,0.0,2.0,6.0
453,24,1325,18.0,2.0,19.0,0.0,2.0,6.0
368,7244,1736,48.0,5.0,48.0,6.0,10.0,7.0
566,1966,1277,684.0,100.0,801.0,21.0,66.0,0.0
1598,7789,1429,684.0,100.0,801.0,21.0,66.0,0.0
1925,3336,30,712.0,0.0,45.0,0.0,0.0,191.0
1144,5644,378,309.0,3.0,24.0,4.0,3.0,20.0
1700,1295,804,231.0,65.0,196.0,38.0,71.0,124.0
1441,6663,1963,144.0,0.0,7.0,0.0,0.0,6.0
753,10262,1494,8.0,2.0,15.0,0.0,10.0,18.0
1187,456,476,1.0,11.0,5.0,4.0,6.0,9.0
2215,3270,971,12.0,23.0,38.0,30.0,18.0,7.0
1947,5748,408,115.0,27.0,44.0,4.0,146.0,139.0
781,8952,1172,397.0,46.0,288.0,20.0,38.0,70.0
137,3921,134,24.0,1.0,108.0,29.0,29.0,14.0
1221,9826,1742,899.0,102.0,838.0,133.0,102.0,40.0
550,5830,660,899.0,102.0,838.0,133.0,102.0,40.0
798,8310,175,897.0,126.0,196.0,91.0,112.0,37.0
1327,6382,2054,25.0,0.0,11.0,3.0,0.0,15.0
657,8439,755,734.0,26.0,70.0,11.0,44.0,17.0
223,7613,856,166.0,5.0,107.0,11.0,8.0,29.0
148,48,1767,136.0,1.0,12.0,0.0,3.0,32.0
951,5046,1843,756.0,138.0,354.0,160.0,169.0,61.0
2167,3231,896,5.0,4.0,10.0,2.0,2.0,7.0
1019,7181,1079,35.0,0.0,13.0,2.0,0.0,2.0
222,1663,690,20.0,2.0,14.0,3.0,0.0,10.0
528,5441,998,267.0,6.0,54.0,8.0,3.0,50.0
492,8602,793,412.0,172.0,153.0,150.0,105.0,57.0
1892,9925,1734,127.0,1.0,56.0,0.0,1.0,31.0
479,9499,818,1279.0,15.0,287.0,20.0,0.0,15.0
705,6568,1281,11.0,0.0,36.0,15.0,5.0,12.0
2112,3032,1367,28.0,34.0,62.0,11.0,14.0,44.0
1923,5153,1869,1004.0,59.0,265.0,115.0,59.0,27.0
1564,4127,975,1004.0,59.0,265.0,115.0,59.0,27.0
768,9940,1560,382.0,114.0,276.0,75.0,124.0,38.0
2204,7527,1768,6.0,6.0,29.0,12.0,15.0,8.0
1619,3406,188,138.0,33.0,87.0,28.0,24.0,12.0
541,9771,830,104.0,20.0,101.0,24.0,15.0,5.0
1045,6722,108,479.0,28.0,136.0,75.0,14.0,35.0
559,213,1612,35.0,0.0,11.0,0.0,0.0,2.0
414,8541,801,8.0,4.0,10.0,6.0,7.0,6.0
558,8475,1511,20.0,2.0,1582.0,1.0,2.0,1.0
228,8070,1014,199.0,12.0,31.0,3.0,12.0,7.0
1410,313,1886,901.0,61.0,757.0,186.0,163.0,20.0
944,9757,1444,997.0,15.0,414.0,99.0,30.0,76.0
220,2088,941,997.0,15.0,414.0,99.0,30.0,76.0
1494,2320,1919,508.0,11.0,59.0,23.0,5.0,29.0
232,966,412,538.0,13.0,91.0,17.0,6.0,26.0
128,9706,1754,62.0,1.0,20.0,4.0,0.0,7.0
1835,3979,1225,982.0,17.0,672.0,23.0,34.0,51.0
1241,5602,769,466.0,22.0,432.0,147.0,113.0,102.0
100,2202,746,44.0,2.0,11.0,2.0,3.0,7.0
399,9645,2140,920.0,138.0,168.0,36.0,46.0,30.0
1687,7230,1703,459.0,0.0,24.0,6.0,0.0,4.0
1991,5675,2231,459.0,0.0,24.0,6.0,0.0,4.0
1036,4974,1342,433.0,89.0,650.0,16.0,102.0,102.0
320,5687,197,563.0,50.0,774.0,28.0,31.0,187.0
1260,5871,1873,73.0,28.0,217.0,10.0,24.0,115.0
123,3846,827,192.0,5.0,53.0,0.0,5.0,15.0
2163,10001,1695,5.0,17.0,17.0,13.0,14.0,34.0
807,2831,379,453.0,38.0,279.0,188.0,38.0,183.0
1177,868,274,54.0,0.0,7.0,0.0,0.0,4.0
407,7212,1802,54.0,0.0,7.0,0.0,0.0,4.0
1412,1743,2031,273.0,86.0,208.0,177.0,14.0,43.0
272,2415,653,362.0,17.0,398.0,80.0,35.0,61.0
165,7947,930,24.0,0.0,8.0,0.0,1.0,4.0
1752,2106,429,0.0,6.0,3.0,7.0,6.0,12.0
155,3363,336,0.0,6.0,3.0,7.0,6.0,12.0
1536,8595,1368,55.0,0.0,6.0,2.0,0.0,4.0
515,7232,579,55.0,0.0,6.0,2.0,0.0,4.0
1042,7829,1487,15.0,6.0,8.0,7.0,4.0,25.0
181,9977,142,321.0,11.0,309.0,33.0,26.0,34.0
935,10142,1884,372.0,18.0,126.0,47.0,48.0,78.0
1305,5263,520,5.0,10.0,13.0,3.0,8.0,16.0
452,22,1290,185.0,2.0,88.0,15.0,5.0,14.0
844,528,393,267.0,38.0,701.0,149.0,165.0,63.0
595,4070,528,169.0,24.0,553.0,188.0,0.0,144.0
