Purchase_ID,User_ID,NumWebPurchases,NumCatalogPurchases,NumStorePurchases,NumWebVisitsMonth
1043,1826,4,4,6,1
1473,1,7,3,7,5
650,10476,3,2,5,2
1192,1386,1,0,2,7
2119,5371,3,1,2,7
1230,7348,4,7,5,2
909,4073,10,10,7,6
46,1991,2,1,3,5
302,4047,6,2,9,4
1525,9477,6,2,9,4
388,2079,5,6,10,1
1391,5642,3,1,6,4
1876,10530,3,6,6,1
109,2964,1,1,2,6
967,10311,25,0,0,1
1170,837,2,1,5,4
1550,10521,2,1,5,4
323,10175,1,0,3,4
1719,1473,2,0,3,8
1762,2795,1,0,2,7
1428,2285,5,2,5,7
1255,115,5,1,8,5
1629,10470,2,1,3,4
1610,4065,5,1,8,7
121,10968,8,8,6,6
1103,5985,2,1,4,7
436,5430,9,2,8,8
272,8432,9,2,8,8
992,453,2,0,3,5
196,9687,5,4,6,2
1057,8890,5,1,5,6
729,9264,4,8,9,2
1311,5824,1,0,2,6
915,5794,7,1,7,8
1792,3068,2,0,3,7
2050,7962,4,3,4,1
1440,2681,2,3,13,1
2109,10141,0,0,3,4
1027,3725,2,4,9,4
1513,3767,5,5,12,3
1204,5585,2,0,3,8
1472,7030,11,9,12,6
1955,1524,8,2,5,5
552,3657,4,0,4,8
2077,5740,1,2,2,6
187,9595,4,5,4,3
1455,3158,1,0,3,8
389,5114,5,4,5,4
1059,340,7,2,8,5
2033,8805,7,2,4,8
448,1241,1,0,3,9
1371,1402,4,8,6,3
1925,7264,1,0,2,8
1896,1619,4,6,6,1
684,6398,3,0,3,8
325,1857,2,1,2,7
195,4877,1,0,3,7
1329,3066,4,2,4,5
980,10286,2,8,13,0
151,1992,2,2,8,7
1289,4246,1,0,1,17
783,10623,1,0,3,5
1348,4867,3,0,4,7
508,3112,1,0,3,5
11,4865,5,1,8,7
2015,6287,1,1,2,6
982,4405,6,3,12,5
885,5332,3,6,7,1
176,1519,3,0,3,8
483,9080,3,0,3,8
186,1772,5,6,7,2
2212,5341,6,3,4,7
1491,5510,5,2,6,5
928,3887,2,0,3,9
2173,7022,2,5,13,6
1606,9999,9,4,9,5
1634,10352,3,1,2,9
420,7919,10,4,8,8
1543,4114,6,9,13,3
352,7990,0,0,3,6
339,9888,4,4,7,2
1054,4399,4,4,7,2
1591,4452,6,1,6,7
288,4785,6,3,11,3
1553,8461,1,0,2,7
2214,3878,1,0,3,7
1927,9612,1,0,3,7
1077,4098,2,0,4,6
927,158,8,3,5,4
2049,3896,1,0,3,7
1372,9970,1,1,6,2
1430,4002,7,7,12,3
1882,10914,1,0,3,4
1599,7279,4,6,4,2
1123,10582,5,2,12,2
1926,4470,2,1,4,4
259,6183,2,1,4,4
2204,6379,2,2,2,7
129,8601,8,6,5,4
1962,4827,4,2,9,4
2201,6715,6,2,11,6
1039,10676,3,8,7,2
985,1041,7,1,6,8
2142,492,7,1,6,8
1324,11133,7,1,6,8
887,4491,3,4,10,8
2046,873,3,4,10,8
1910,1631,8,4,7,6
2149,8278,8,2,5,5
1916,6815,7,6,8,2
40,254,7,1,7,7
20,1349,3,1,3,6
1466,2534,4,1,3,7
2071,2130,3,1,3,6
1714,2296,1,0,2,6
826,3799,7,2,11,5
488,11084,3,5,7,7
678,5172,3,5,7,7
883,9504,3,8,13,1
118,850,6,5,9,3
1228,4477,5,2,10,4
1755,1945,7,4,7,4
1479,7685,2,0,4,5
74,6310,2,0,4,5
1672,10832,6,1,6,6
1834,3025,6,1,5,7
1920,2404,5,1,4,7
1046,8581,10,2,8,8
1084,8755,3,5,9,7
163,10177,5,4,8,2
1567,2429,5,4,8,2
1936,8920,11,2,12,7
646,8430,0,0,3,5
1337,8619,0,0,3,5
610,8996,7,2,8,9
2079,7233,5,3,6,4
641,6678,3,0,4,7
782,830,4,6,4,3
1437,6365,2,0,3,6
2105,6770,2,1,2,6
1997,2261,1,0,2,7
209,1031,6,9,10,2
527,10089,6,9,13,2
1468,9256,8,3,12,6
1253,10641,2,1,3,6
1977,624,0,1,2,6
1502,4211,2,0,3,7
1012,1407,2,0,3,7
1380,10356,1,0,3,7
331,9323,10,5,7,8
537,1146,10,5,7,8
2091,6343,6,9,7,2
891,8545,2,4,10,1
1081,8275,1,0,2,7
947,10673,6,9,5,3
1785,8799,3,1,4,7
2009,67,2,0,4,7
1863,9923,2,0,4,7
1244,2814,1,0,3,7
954,2711,1,0,3,7
264,4320,6,4,12,3
2223,10451,0,0,3,6
884,4198,0,0,3,6
205,10814,6,5,13,4
1895,944,4,2,7,4
718,8151,4,1,3,8
676,6184,3,3,8,1
1530,3498,7,5,9,6
1961,2870,6,3,6,6
931,7342,6,6,12,5
216,1911,11,5,12,6
1118,10862,1,2,9,2
825,2546,1,0,4,3
110,3005,4,10,8,1
805,8318,5,6,8,1
529,2930,2,6,10,5
1908,8216,4,4,3,5
845,1212,8,8,6,6
546,2541,2,0,3,8
680,10659,3,2,2,7
120,10905,4,1,6,8
936,8910,4,1,6,8
1016,7349,3,1,3,8
35,7872,6,10,6,5
459,4290,1,0,2,7
1548,7408,5,1,4,7
698,9986,4,1,2,7
1933,8235,6,5,10,3
1717,10949,5,5,8,3
292,7284,1,0,2,8
734,9529,3,9,9,2
699,9930,6,8,13,2
306,10270,3,0,3,7
1943,760,8,4,9,6
395,5519,6,9,4,5
792,232,4,2,10,3
715,3009,5,3,6,6
1536,6518,7,3,8,5
147,10669,3,2,10,3
1316,5682,6,9,11,5
2186,1570,7,7,10,4
2059,1497,6,3,5,5
2178,9723,7,4,13,5
615,7261,5,2,5,8
1008,2452,5,2,5,8
702,5621,6,1,5,9
814,10995,3,0,4,8
7,7373,4,1,6,6
1448,5331,3,6,7,2
1470,263,3,1,3,8
1939,4619,27,0,0,1
709,940,3,2,7,3
2221,10084,2,1,2,7
1193,6019,1,2,2,6
263,1463,1,0,2,7
1604,6424,1,0,3,4
574,8233,7,3,7,5
1594,1515,1,0,3,3
382,10855,4,1,8,5
1425,10909,5,10,5,1
1821,3376,3,1,6,4
453,10232,3,2,7,3
565,5547,7,6,6,3
136,8362,7,6,6,3
701,3524,5,1,2,9
335,10095,5,4,10,2
1704,8897,7,3,7,8
1183,466,4,3,13,2
478,11025,3,1,3,8
244,2387,5,2,4,8
1481,1618,10,1,8,8
1037,25,6,6,7,4
822,3277,7,1,5,8
267,8566,1,0,2,7
12,2634,2,1,3,6
1047,8036,2,1,4,4
628,8159,4,1,3,7
1628,7628,2,0,4,5
1283,9597,7,2,9,4
758,1384,2,1,2,8
2128,10150,7,4,7,2
1303,3885,1,1,2,8
893,11003,2,0,3,7
1765,8026,5,4,5,5
899,577,1,0,3,7
1460,8702,1,0,3,7
281,5429,4,1,4,6
1750,977,5,1,8,6
122,2793,7,3,13,5
37,1071,7,3,13,5
371,5074,1,0,3,7
353,2632,5,4,4,6
1197,6404,4,1,6,5
1745,10240,10,4,6,4
1986,2521,1,1,2,7
502,4301,1,1,2,7
1570,7381,11,4,6,4
1159,2407,6,6,7,4
2218,9064,6,6,7,4
1892,5067,2,7,11,5
1096,10281,5,5,7,4
57,11191,2,1,4,6
2184,1994,1,0,2,7
1032,2552,6,3,6,7
1210,6720,7,3,4,7
2156,4557,2,2,2,6
1070,1183,1,0,2,6
1782,4186,2,1,3,5
318,1419,2,1,3,5
2139,967,5,2,9,7
1803,1048,3,1,4,7
391,9262,1,0,3,7
2161,3427,11,2,7,8
212,5892,3,2,5,7
92,8911,5,4,9,4
1887,6606,5,2,10,8
1212,2677,3,1,6,4
1165,252,6,2,8,6
1454,9860,4,1,4,7
1488,1388,2,1,3,6
1624,979,2,1,3,6
239,7494,6,1,4,8
1247,10490,6,2,4,7
949,3403,2,5,12,6
767,2715,3,2,2,9
1093,4828,5,10,5,1
70,92,3,0,4,6
135,3312,3,0,4,6
2145,11176,5,4,7,3
1706,1446,6,9,12,1
1635,9699,6,2,12,5
933,9790,11,3,4,4
1573,2324,7,11,11,4
19,5080,6,6,4,2
515,4992,3,1,2,7
2063,7849,2,9,13,1
370,4808,1,0,2,7
548,10401,0,0,3,3
1556,7793,10,4,7,6
2151,9303,1,0,0,13
2160,6853,3,6,11,1
1270,7366,3,6,11,1
1823,9780,8,3,13,4
1069,7573,2,1,2,7
2051,1379,4,2,4,4
1453,8923,6,7,7,3
2017,3547,2,0,3,6
1607,8707,5,6,4,3
1346,1891,4,6,5,2
1874,6271,2,0,3,5
2012,9635,3,1,3,6
54,9727,2,0,4,6
1701,6205,2,1,3,5
1641,10681,6,3,12,4
654,5156,6,3,12,4
824,3050,3,1,6,4
1549,8164,5,6,7,2
655,5626,4,2,9,4
1251,7600,1,0,3,7
662,6406,6,4,10,3
865,7002,3,2,8,3
772,8234,1,0,2,8
1009,6116,1,1,3,3
1232,291,3,3,6,1
2159,8779,4,1,3,9
1828,4931,0,28,0,1
48,1650,5,9,12,3
2101,9701,4,2,3,7
491,6431,2,0,3,7
618,10789,2,0,3,7
257,5302,4,6,5,2
1964,4459,1,0,3,8
411,10642,1,0,3,8
245,9213,1,0,2,8
1492,3678,8,3,7,7
1384,3698,4,6,8,2
669,5929,2,0,3,7
1135,10795,2,0,3,7
1089,4390,5,4,12,2
839,9362,9,1,7,6
1842,1577,4,6,4,1
90,4609,8,1,6,6
285,7143,4,7,10,2
889,1729,3,5,10,6
1219,10664,9,1,5,8
235,5029,0,0,3,5
260,10507,2,2,7,8
2085,3865,3,1,2,8
56,6982,4,10,9,2
1562,7042,2,1,2,9
879,9668,2,0,4,8
991,6878,4,1,6,7
1804,4099,1,0,3,8
555,5031,5,9,11,2
1471,1970,3,0,3,8
1394,5726,3,0,4,5
470,5231,1,0,3,5
857,1307,3,0,4,4
816,10609,1,1,4,4
859,5782,9,2,9,5
1968,7533,4,1,4,7
1408,9493,5,4,8,3
1929,2253,1,0,4,6
71,2326,1,0,4,6
1544,1876,1,0,4,6
1262,7141,5,1,2,10
910,7393,2,1,3,5
1642,4713,2,1,4,7
1364,5093,3,0,3,9
1235,8524,3,0,3,9
192,3766,9,1,8,9
1098,9725,1,0,2,8
1984,8933,2,0,4,6
938,10779,1,0,3,7
372,9289,2,1,2,8
666,2613,1,3,6,1
1153,10133,6,7,12,2
49,8443,3,1,2,8
1328,10796,1,1,3,6
876,10241,1,0,2,6
507,3388,6,1,5,7
743,6507,1,1,4,3
262,7446,6,4,10,6
1383,87,2,0,3,7
689,10477,3,1,2,7
449,6072,5,8,6,3
1211,2518,0,1,2,7
704,247,7,2,4,9
620,9463,9,5,7,5
184,1459,5,3,5,3
1358,9530,1,0,2,8
316,9653,2,0,3,8
10,10785,2,0,3,5
1449,9392,1,0,2,7
1250,3769,1,0,3,7
1053,10146,1,0,3,7
227,4741,6,2,9,5
1181,1880,2,1,3,5
2230,6471,2,0,4,5
68,5718,5,11,6,3
1438,3478,7,4,9,5
124,7848,5,3,3,6
1336,7999,5,6,5,2
1620,11101,11,6,8,4
652,9212,6,3,13,7
881,10983,6,3,13,3
1001,3629,3,1,3,7
1835,4673,10,3,5,5
1800,796,11,4,8,8
1104,618,7,2,12,4
2092,380,11,4,9,8
190,1092,9,3,4,7
633,8962,2,0,3,5
256,8207,1,0,3,4
1109,6521,4,6,9,1
342,535,3,10,13,1
333,4608,3,10,13,1
469,11086,1,0,3,7
211,1064,1,0,3,8
1386,7000,2,10,10,1
708,1581,1,0,2,8
1960,7384,7,1,7,8
1209,10552,4,1,7,5
89,6409,7,5,7,6
1808,9507,6,3,5,7
113,9560,7,6,8,3
1456,10991,5,4,4,2
1940,4712,1,1,4,4
2064,11056,3,4,10,1
1973,7414,3,1,4,8
228,3076,4,2,12,3
888,6355,2,0,4,3
696,7959,3,2,5,1
1087,5512,7,1,8,5
1504,10102,5,11,5,3
2044,9369,11,10,10,5
1323,3711,6,3,10,3
417,6931,8,3,4,4
119,9596,3,3,13,2
1922,2727,3,3,6,3
1598,8416,2,0,3,6
1712,3967,2,8,13,1
1222,2139,2,0,3,5
1111,2162,3,3,10,3
243,9242,6,3,9,4
361,10595,2,0,3,7
1199,4855,3,0,2,9
98,5049,3,0,2,9
1264,4967,5,1,5,8
1602,5255,27,0,0,1
1274,9215,6,4,6,7
833,3525,1,0,2,7
1420,3619,5,3,8,2
223,4415,1,1,3,7
753,3645,2,0,4,8
1904,4692,4,1,2,9
438,3955,0,0,0,14
538,5313,2,0,4,5
4,7196,0,0,3,3
1276,1381,6,1,5,8
443,10951,3,1,8,4
114,4322,4,5,10,2
1119,7444,1,0,3,8
423,2942,5,4,4,5
1979,2874,1,0,3,7
596,3667,8,5,11,8
2126,3697,3,0,4,7
937,9955,3,0,4,7
1154,5320,3,1,4,6
2078,6422,5,6,5,2
1431,3690,7,4,10,6
2082,2408,7,4,9,7
328,9260,10,6,9,6
648,9648,5,1,4,8
1067,4939,4,1,6,7
1218,8652,4,1,6,7
218,4702,4,8,4,8
2028,2587,2,0,3,5
1825,2811,1,0,4,4
1683,9150,1,0,4,4
1918,10127,8,2,4,7
1389,5493,1,0,2,6
1731,2666,8,3,11,3
247,10099,5,3,13,4
556,10562,6,4,13,2
148,7881,6,4,13,2
1435,6721,6,3,5,3
2220,5204,8,8,5,3
1284,5209,8,2,7,7
390,10128,5,5,12,5
1633,9284,5,5,12,5
348,8643,4,5,12,3
996,1685,4,5,13,3
418,2877,7,1,8,7
2193,8369,0,1,2,8
497,6233,9,5,10,7
1497,195,5,1,4,8
1385,1501,0,28,1,0
1019,10846,7,1,8,7
1182,8341,1,1,2,7
172,10766,4,4,8,2
81,9971,4,4,8,2
2148,1740,7,3,4,4
838,8737,2,0,3,3
1100,6466,2,1,4,3
1564,10430,4,3,4,5
1671,8773,5,1,6,7
1229,2371,2,0,4,7
752,7786,3,1,4,8
1313,4088,3,1,4,8
38,4971,3,1,4,8
236,10560,1,0,3,5
2215,6892,10,4,6,8
64,11004,1,0,2,4
410,1818,2,0,2,9
1678,9485,2,1,6,4
720,6646,1,0,3,6
185,4248,4,6,9,1
2123,7451,4,6,9,1
848,7861,8,3,6,4
1713,5232,4,1,5,4
398,3011,4,1,5,4
1771,5758,10,4,13,6
1271,2173,1,0,3,6
111,10711,3,6,12,1
2010,8268,6,1,7,6
664,2782,6,1,7,6
276,9432,3,1,3,6
1295,5872,4,4,10,3
506,11187,2,1,3,5
1179,2428,2,0,4,7
547,1726,1,1,2,9
1941,1802,3,3,12,2
1185,1162,5,2,11,5
601,10643,5,2,11,5
1124,11112,5,6,8,3
1778,2114,7,6,12,3
775,4261,7,6,12,3
1102,2457,1,0,3,7
503,2495,4,7,10,1
1693,6983,2,0,3,7
1458,3436,1,0,3,7
795,7505,1,1,2,4
2060,4286,7,6,6,4
1551,7224,1,1,2,8
426,6215,1,1,2,8
1756,968,4,1,4,7
563,4096,4,1,4,7
587,3153,1,0,2,8
329,6504,2,1,3,5
428,5329,0,0,3,5
1105,1175,3,5,3,6
2152,1377,4,1,5,7
1954,4607,4,5,7,2
745,4944,4,5,7,2
158,9483,4,6,8,3
1637,1378,7,4,6,6
298,5991,5,1,4,7
1529,2807,8,9,7,7
1894,1052,8,9,7,7
117,9760,10,5,10,8
241,7101,10,5,10,8
1388,9909,3,1,3,9
1563,5907,1,0,2,8
1422,793,2,0,3,9
437,8832,3,0,4,7
541,2535,6,5,8,9
2233,1523,2,0,4,5
518,1839,3,0,4,7
1078,9972,1,0,3,7
1853,2945,1,0,3,7
561,9291,0,0,3,5
728,2829,9,3,8,6
523,8594,3,1,3,6
1362,1592,4,6,5,1
1937,4310,5,10,5,1
2002,6950,2,0,3,7
860,8492,8,4,10,6
1991,5684,2,0,3,7
366,5909,3,4,8,8
1769,9855,6,6,13,4
806,975,4,1,5,6
1477,8754,1,0,2,7
2216,1456,10,2,12,7
1073,2849,10,2,12,7
800,9984,8,5,4,8
721,5527,2,0,3,8
1393,5628,10,3,10,6
999,7627,5,11,5,2
2197,1351,7,8,13,6
2089,10629,3,0,3,8
2021,10395,3,1,3,8
1413,6961,1,0,2,8
2170,10196,8,2,8,4
1151,6182,2,0,4,6
416,10432,1,0,3,8
864,1542,4,2,8,5
341,4220,2,1,3,3
2129,4141,8,2,10,4
490,1940,1,0,2,8
1781,1506,2,1,4,6
2190,6347,1,0,3,8
1527,1361,3,4,8,1
1506,9422,2,1,4,3
1775,1081,6,3,5,4
713,7458,3,0,3,8
2006,1012,8,2,10,7
1187,5453,4,7,12,2
707,6818,5,1,5,6
613,7807,5,1,5,6
785,7532,3,0,4,8
1982,8346,6,2,2,9
789,5564,7,5,6,4
1746,3267,8,1,8,6
1040,3091,7,5,8,4
208,762,7,5,8,4
1145,8029,3,4,7,1
311,4376,2,1,3,7
892,10981,3,4,10,1
494,486,3,4,10,1
201,1158,3,0,4,7
1023,9119,3,3,7,2
642,6694,8,3,13,4
1559,10573,6,7,4,3
1239,10140,5,7,4,3
2061,2286,2,1,3,6
1740,8420,2,0,4,5
337,10065,2,0,4,5
2057,1029,5,1,5,5
2153,4207,6,7,11,2
1320,10277,1,0,3,7
1989,4436,2,1,4,7
809,2929,2,1,4,7
1259,6281,6,3,5,4
343,10390,1,0,3,6
2005,2574,6,4,8,5
153,709,2,2,11,8
544,5955,4,3,8,3
1004,8486,9,0,4,10
347,10343,3,6,8,3
8,6652,3,4,9,1
1625,8746,2,5,10,6
509,4686,6,5,13,2
2209,3551,2,1,5,2
1064,4338,1,0,3,4
310,4444,2,0,3,8
210,498,1,0,4,5
1688,8230,2,0,3,7
631,2826,2,0,3,7
1051,6222,2,0,3,7
894,7352,3,4,6,3
160,10928,7,1,7,5
1164,10736,6,9,5,2
1555,10163,8,4,7,4
1175,6168,1,1,2,4
392,4656,10,5,4,9
1381,626,1,0,3,4
1915,3870,7,3,13,4
1864,6299,6,8,4,7
1524,7798,7,1,5,7
1618,9973,7,1,8,7
1090,4299,11,11,5,7
740,10971,7,2,3,9
846,9931,0,0,0,19
1034,6679,0,0,3,3
2062,5961,1,0,3,5
868,6255,4,1,7,2
983,8614,4,2,10,2
1397,7828,3,3,5,1
1493,1277,10,7,10,4
225,3595,6,8,12,3
1000,5735,3,4,10,1
2240,5350,3,4,10,1
2141,4137,7,4,4,4
1794,6357,7,1,7,5
542,9316,1,0,3,6
882,3578,3,1,6,6
1459,153,1,0,3,4
397,10524,2,11,5,2
1392,1518,9,3,7,7
439,2036,4,2,8,4
821,9495,2,8,6,1
571,2631,2,8,6,1
265,6312,10,3,13,7
1347,615,5,1,4,7
661,4406,9,4,8,5
60,10061,9,2,12,7
1816,10619,7,3,7,3
712,4945,10,4,12,6
1856,1777,2,0,3,8
2025,4023,3,2,2,8
786,7922,11,2,10,7
1935,10699,3,0,3,8
1198,7516,2,0,3,6
1733,3129,2,0,3,6
1461,5121,7,6,5,5
895,2186,5,10,6,2
1273,10548,3,8,12,1
1304,6384,5,2,11,8
1095,2625,3,2,7,3
1631,1676,4,2,5,5
1462,5534,3,2,3,7
2174,6859,4,0,3,9
651,271,3,4,3,6
1006,7699,3,4,3,6
1988,7832,8,7,7,4
381,938,2,1,2,8
1883,7873,4,1,7,5
1237,9967,6,1,7,8
1878,1087,4,1,2,9
1985,8314,5,6,7,2
105,3762,3,5,8,1
266,10383,5,5,10,3
2124,6798,5,1,8,7
1341,4168,5,1,8,7
1163,6690,3,1,3,7
1361,10602,3,0,4,8
585,3220,3,0,4,8
80,5424,3,0,4,8
1789,7488,5,3,13,3
375,5289,1,1,2,4
33,347,7,1,5,9
251,5236,10,2,8,5
2222,9478,4,3,6,3
1753,477,4,7,10,1
58,7411,1,0,3,6
1668,3107,4,1,7,2
340,7437,1,0,4,3
762,255,1,0,3,6
1766,3790,1,0,2,6
1885,749,3,1,3,6
1306,1503,0,0,1,1
913,8650,1,0,3,4
204,607,8,1,7,8
994,1008,7,3,13,6
1062,9396,1,0,2,9
1848,933,1,0,2,9
107,5710,2,1,4,5
614,2882,3,2,9,8
1596,2379,3,4,5,7
521,5342,1,0,3,8
798,3262,2,9,13,5
1965,5832,3,5,13,0
823,5025,2,1,4,3
2185,569,5,6,7,2
869,3102,1,0,3,8
853,9449,5,2,11,3
1516,8104,5,1,5,7
50,75,8,1,5,8
1893,6421,4,7,9,1
1013,3037,5,2,7,5
1226,4698,5,2,7,5
2131,948,1,2,2,5
1366,6177,4,0,4,8
784,3517,3,1,3,9
997,3491,11,6,8,7
13,7610,6,3,5,8
847,4377,7,3,3,7
843,9850,0,0,3,7
62,5544,7,8,5,5
2075,6497,6,2,5,8
1021,4543,2,7,9,4
751,5117,4,4,8,5
948,1448,2,0,4,4
977,6887,8,1,8,6
1322,7500,8,1,8,6
1339,2724,0,1,2,3
1535,2256,1,0,3,6
2165,1100,3,1,3,5
6,7725,4,4,7,1
1855,2612,7,5,12,3
1761,113,1,0,3,5
1974,2868,2,0,3,8
1585,4216,7,9,9,3
2219,199,4,1,7,7
685,359,8,2,6,7
2040,8842,2,0,3,7
1002,2154,2,0,3,7
1727,6050,6,3,13,9
511,9204,4,3,6,3
2137,4472,1,1,3,2
367,6864,3,0,3,5
986,10617,3,0,3,5
750,3924,8,3,12,5
777,5654,2,0,3,6
1207,9216,2,0,3,6
29,8086,2,0,3,7
498,9097,3,1,8,4
1269,7631,5,7,10,3
963,7275,2,1,4,6
968,8334,2,1,4,6
53,1987,2,0,3,6
1137,2281,1,0,2,7
904,7034,2,0,3,8
369,2797,9,7,9,5
622,3934,7,1,8,5
1254,2493,7,1,8,5
1748,3759,7,6,11,5
284,965,7,3,7,6
317,7378,10,1,6,9
820,1859,7,6,5,5
1357,6263,2,0,4,8
582,2072,4,2,9,9
517,8908,3,11,5,1
219,738,3,1,4,7
1860,10129,3,5,12,1
1711,807,6,1,4,8
1846,3334,5,7,9,1
2056,5423,1,0,2,7
296,4426,7,2,6,7
45,10489,6,7,9,2
1508,2570,10,4,7,8
532,3834,8,2,11,5
1911,590,5,6,4,3
1957,4791,1,0,3,8
1931,5304,1,0,3,6
623,2426,5,10,13,3
451,35,2,2,3,6
1772,8041,3,2,10,9
1787,3584,5,10,5,8
1526,7718,1,3,5,1
1130,8605,2,0,3,6
649,1646,1,1,3,3
1987,9206,5,7,12,1
1426,10757,1,0,2,6
1953,6885,2,0,3,7
671,907,5,1,7,5
522,1150,4,6,4,1
1852,3867,9,3,13,4
1015,3859,9,3,13,4
668,3265,1,0,3,6
960,4418,7,5,12,2
810,4611,9,8,13,3
1786,4530,3,7,10,3
591,7736,2,1,2,5
2235,9949,3,3,6,8
695,942,7,1,3,9
2183,6181,8,7,11,6
748,7660,1,1,2,5
862,2055,1,1,2,5
1398,5107,1,1,2,5
599,1626,1,1,2,5
346,6428,1,8,7,0
526,9617,1,0,3,3
1568,4339,5,6,12,2
460,7235,2,0,4,5
877,8527,6,2,6,7
83,1968,1,0,2,7
922,9862,2,0,3,6
560,11075,3,3,5,4
1265,6658,11,2,12,6
1517,4552,3,5,3,4
575,10377,6,1,5,6
1879,5336,1,0,1,1
115,10350,1,0,3,4
2228,11071,3,6,6,1
1060,11100,2,0,3,7
1213,6516,1,0,2,7
269,1734,3,0,4,7
1249,2131,9,4,6,6
1355,6439,11,5,8,7
645,10591,4,1,4,7
1042,9797,3,3,8,2
1998,9336,6,2,10,4
1723,2174,1,1,2,5
1375,3197,6,4,8,4
572,9185,4,6,5,3
1970,905,4,0,3,8
567,10858,9,5,7,5
481,8925,8,5,10,5
514,2499,5,2,10,4
837,1109,1,0,2,7
287,326,5,1,6,6
1017,10967,2,0,4,7
286,5370,7,1,6,8
1150,2098,1,0,2,8
414,1773,2,0,3,9
2090,5036,4,5,3,6
252,4856,7,7,10,3
42,8722,7,7,10,3
1379,2156,2,0,4,5
1952,2569,1,0,3,8
2200,10151,4,5,12,3
946,10473,6,4,9,7
964,7079,9,6,12,6
1905,6875,7,3,5,8
602,6728,1,0,3,9
240,2471,3,2,6,2
749,49,1,1,2,7
173,4973,1,1,2,7
700,6387,2,1,3,5
1405,5866,4,1,4,7
581,8523,4,0,3,8
66,7901,0,0,3,4
28,898,3,0,4,8
1627,10242,2,0,4,5
1700,5835,2,0,4,8
1241,6919,2,1,3,6
1956,6197,3,0,3,9
2099,10475,4,2,6,5
95,4201,4,2,8,5
238,5092,7,1,7,8
510,6566,5,2,12,8
1238,6613,8,4,8,8
2072,9094,7,4,3,6
1608,9847,7,4,3,6
2037,10767,3,5,12,1
1783,7943,1,1,3,2
1167,1055,1,0,3,4
1395,1458,3,0,3,6
1061,8402,7,5,8,4
531,6246,3,11,8,1
1356,4654,3,10,5,2
925,6103,2,1,3,4
419,8147,2,0,3,8
1906,10207,1,0,2,8
1888,4838,1,0,2,8
301,10219,1,0,3,8
1913,2176,5,3,6,6
365,9121,5,3,6,6
1980,5802,2,0,4,6
836,10790,1,0,2,8
2238,178,8,3,11,5
2053,2308,6,1,5,7
2084,7431,7,4,5,9
1838,9405,3,1,4,7
1655,10525,1,0,2,9
224,7503,5,8,9,4
1840,8783,4,2,9,3
1505,1403,1,0,3,7
1106,4643,3,0,4,8
674,3463,7,3,13,5
360,4055,3,0,3,6
100,7010,6,6,7,3
1978,4767,6,6,7,3
829,1927,4,4,5,2
907,437,3,8,11,1
465,4331,3,6,11,1
1875,4084,6,4,11,4
1901,8135,1,0,3,7
1619,9750,10,3,5,7
1134,6682,1,0,3,8
87,10581,7,3,4,8
1297,3710,2,1,2,7
444,5207,9,4,6,8
191,9360,4,2,5,8
1777,4679,7,6,12,4
486,1340,6,7,13,1
1576,10839,1,0,3,4
902,5303,6,4,9,2
1795,9829,2,0,4,6
2027,10469,6,2,9,2
354,3602,3,2,4,4
1569,4756,7,6,11,4
2096,8181,4,1,3,8
1480,6958,1,1,2,6
1587,10856,1,0,3,6
1018,3321,7,3,7,5
431,5394,1,1,4,3
2144,433,11,1,6,8
2094,6320,6,6,10,3
1257,5376,0,28,0,1
1541,1867,9,3,6,5
2195,4324,8,1,7,8
146,3661,4,6,8,2
1457,521,8,1,7,7
919,10403,3,0,3,7
480,7186,1,1,2,5
757,4329,1,0,3,7
1938,4394,5,5,12,2
69,1717,5,1,4,8
468,1016,2,0,3,6
1278,3783,2,1,4,5
1055,5848,5,6,7,2
477,10727,7,3,13,8
31,5299,7,3,13,8
606,6872,4,2,8,4
2202,1143,2,0,3,7
2008,10381,1,0,2,6
1580,11007,1,0,3,8
291,9145,5,9,6,2
672,5267,1,0,3,7
1469,9738,3,0,3,8
1784,10212,3,0,3,8
976,10010,3,2,2,9
1400,10069,2,0,2,9
979,2694,1,0,3,6
635,10613,3,0,4,4
1909,4646,5,7,12,2
1370,6935,5,7,12,2
355,5596,9,2,9,6
1807,1044,5,4,8,4
644,9274,6,7,9,2
112,9076,4,1,4,8
1310,4947,7,7,9,4
1696,10176,4,4,8,8
2154,3507,2,5,5,6
458,9235,1,0,2,7
1129,10341,2,2,5,2
714,2639,3,1,2,6
181,6201,2,0,3,7
2205,7397,7,2,9,7
455,2181,3,3,7,2
1221,1204,11,5,11,8
630,1170,5,1,4,8
1321,8812,2,0,3,7
1149,4690,8,1,8,8
2236,1715,2,0,3,7
597,10821,4,1,5,7
1966,6543,3,6,4,2
1117,7119,2,3,6,1
711,3518,1,1,2,9
88,1245,4,3,12,8
1148,2561,4,3,12,8
2194,9624,3,4,6,1
973,10509,3,0,3,8
1044,7629,2,0,3,7
1891,7875,4,8,13,2
39,2815,4,0,3,7
802,2936,1,0,3,7
1790,3665,3,0,3,8
1360,10888,8,4,6,6
1467,6637,3,4,7,1
1699,5077,6,6,11,3
1522,6173,6,6,11,3
2217,3969,2,2,2,5
958,4580,9,7,9,5
399,663,1,1,3,4
313,8299,1,1,3,4
36,8945,4,1,4,6
872,10870,9,3,4,5
454,1184,10,2,10,5
1547,6141,6,1,5,7
2182,8825,9,2,5,8
929,2217,0,0,3,6
691,4102,0,0,3,6
1168,4653,3,1,4,8
1231,10092,7,10,5,5
401,5788,3,2,4,5
562,4669,3,0,4,7
1256,6295,11,6,5,8
221,7453,3,8,4,4
473,10841,4,3,8,4
1203,821,5,4,12,2
1897,3933,10,2,6,9
903,1225,3,7,8,1
405,7059,3,7,8,1
1862,5633,3,1,6,5
1749,843,8,2,11,6
2020,6211,1,0,3,6
1847,7007,3,1,2,7
1814,9671,3,1,2,8
280,8975,3,1,2,8
63,6616,3,3,8,2
304,6248,9,7,11,3
1899,7428,3,7,8,1
73,3075,3,4,7,1
234,2937,8,5,9,6
2073,203,5,7,9,2
466,2021,6,10,13,4
1995,880,2,1,2,8
2083,524,2,1,2,8
321,10837,2,0,3,6
706,7011,3,0,4,7
409,4184,3,2,5,4
278,7679,1,1,3,3
1446,7485,2,1,4,4
21,7530,2,1,4,4
273,4369,3,5,6,2
2227,10652,3,5,6,2
1115,286,2,1,5,6
1260,5922,4,1,5,7
1644,7250,7,2,9,6
1659,2478,1,0,4,4
1600,1160,3,0,3,8
1872,9214,5,1,6,5
364,273,3,1,4,7
295,851,5,2,10,6
1390,9729,8,2,7,7
866,9665,5,2,5,6
589,2620,1,0,2,8
612,8254,1,0,2,8
149,3852,9,2,12,5
2045,1000,9,2,12,5
1191,3099,5,2,4,9
2080,6318,9,7,13,4
2095,5396,9,7,13,4
682,7966,11,5,11,5
2047,454,11,4,11,6
2234,309,8,3,5,6
1818,3571,8,3,5,6
2030,8395,3,6,12,6
1272,2591,6,3,4,2
351,1640,1,1,4,3
1532,810,4,2,11,2
403,9423,2,0,4,5
2207,4345,1,0,2,7
1443,89,2,0,4,6
2039,5294,3,0,4,7
1744,1321,3,0,3,8
1759,2686,1,0,2,7
812,1215,5,10,7,3
1921,9283,0,0,3,4
1072,3120,1,0,2,8
2181,5868,1,0,3,7
1377,8143,4,2,5,7
193,3479,2,0,3,7
1833,7214,4,8,5,3
1186,5543,7,2,11,5
1924,9347,1,0,3,5
2169,10160,1,0,3,5
1707,1406,6,3,5,7
1990,7019,3,1,5,4
1583,2157,2,0,4,6
1327,8939,5,2,12,5
179,10250,1,0,2,7
1716,1272,7,5,10,5
1589,3007,1,0,3,8
249,5513,1,0,3,8
492,679,1,0,3,9
955,8876,3,1,4,9
169,10827,3,0,4,9
1770,7300,8,1,7,5
1616,4268,3,1,4,4
694,4603,5,4,10,4
1819,8659,6,8,11,2
832,10708,1,0,3,7
166,1176,1,0,2,8
725,10380,3,0,3,8
1173,7037,4,2,8,6
213,11096,2,1,7,2
1378,6374,5,2,4,8
1726,5552,4,2,5,6
1681,2245,2,1,4,6
1178,6200,6,6,9,3
320,9904,6,5,12,3
93,10031,3,0,4,8
1871,6642,2,1,4,6
1528,10882,4,3,6,4
1900,5636,4,0,3,8
1992,8692,4,1,5,8
841,8091,6,4,6,5
900,8080,0,0,3,4
1975,8370,7,3,6,4
1223,4550,1,1,3,5
1157,3381,2,0,4,6
1094,10556,6,1,6,7
2052,9467,1,0,3,6
1351,2891,8,9,4,6
440,5011,8,9,4,6
1196,8140,2,1,4,4
270,11039,5,2,4,5
1832,78,1,1,2,8
1266,5517,1,1,2,8
1305,5290,5,1,5,8
878,4128,7,4,7,5
1486,8534,6,5,13,4
86,9592,2,0,3,8
101,8957,6,3,5,6
322,9308,3,4,6,1
981,544,3,4,6,1
578,5989,10,2,11,8
1663,635,9,1,7,8
495,6673,3,0,3,8
797,1710,6,1,4,9
2135,523,2,0,4,5
965,8977,0,0,3,4
686,9736,3,0,3,8
1666,1544,4,2,10,2
1661,6575,9,1,7,9
1687,6147,0,1,2,7
1349,6354,1,1,2,8
906,4769,8,2,6,7
1923,7540,2,1,8,2
724,5247,1,0,4,4
1147,5987,1,0,4,5
1296,9960,1,0,2,7
595,10972,4,3,6,1
16,1399,3,7,9,1
2115,2698,6,3,5,6
600,6340,1,0,3,6
282,4107,4,6,4,5
1439,10906,4,6,4,5
1791,2557,1,1,2,4
1382,8786,6,1,7,6
415,7187,4,10,4,3
1280,6119,1,0,2,6
2166,2980,3,0,3,8
2177,3850,1,0,3,6
2138,1077,7,3,4,4
258,9733,1,1,2,6
1680,8462,1,1,2,6
1694,4764,3,1,4,7
1292,2223,8,9,8,6
576,7788,0,0,3,3
159,5827,3,1,3,5
189,2958,2,1,4,4
1650,4954,4,2,5,6
972,3139,4,4,10,2
766,9952,4,7,5,1
2120,8180,6,1,5,6
811,3276,3,0,3,7
1143,4994,7,5,13,3
2001,3598,4,2,12,4
924,945,3,0,4,7
402,5048,3,1,2,8
940,6214,2,0,3,6
2068,6230,5,0,4,8
598,2968,7,10,5,6
1080,8800,7,10,5,6
222,1907,8,4,9,7
1512,10478,11,1,6,9
1180,4188,5,2,4,8
1152,8720,0,0,1,0
1837,2225,4,9,7,1
611,4790,4,3,5,1
1169,1131,2,0,4,3
1200,202,4,6,7,1
2102,9589,4,6,7,1
1205,3900,9,2,9,5
2103,9958,9,2,9,5
1660,8955,1,1,2,5
182,10033,1,0,3,6
472,5751,1,0,3,6
1682,3308,2,0,4,4
1996,7297,3,1,3,7
1141,8008,2,0,4,6
1605,1232,4,4,8,2
314,2345,4,4,8,2
1445,1628,9,3,4,4
658,5081,1,0,3,8
413,839,3,1,4,5
2055,3706,2,2,2,7
2206,5154,2,0,3,6
1728,8584,2,7,7,0
1757,6583,6,8,6,3
2058,3433,6,8,6,3
1427,10486,4,4,8,2
2162,8687,2,3,8,3
1314,7842,3,0,3,8
643,3749,6,5,12,3
226,1331,2,0,3,7
1252,5995,6,2,5,8
2,8985,10,7,10,6
155,2798,7,9,10,4
898,7108,5,2,5,5
1691,2781,4,6,6,2
1890,3623,4,0,3,7
308,194,1,0,3,6
373,10833,8,3,13,6
1414,2315,1,2,2,4
564,6336,2,0,4,6
85,10738,2,0,3,7
535,8286,3,0,4,7
376,2166,0,1,2,4
1298,10691,1,1,2,6
1317,9739,2,2,2,7
1638,1829,9,5,4,7
569,6260,3,10,13,1
474,10448,5,3,5,7
778,1343,8,2,6,7
1729,4749,8,2,6,7
2035,531,8,5,9,6
545,6905,6,4,10,2
1447,1045,5,2,4,7
1373,4012,7,6,5,6
1822,5529,8,2,5,7
549,4001,8,2,5,7
659,10420,4,2,3,7
675,7723,8,6,6,3
430,2963,8,6,6,3
220,10634,4,2,8,3
2074,5180,4,0,4,7
1496,6866,1,0,3,5
131,1328,4,4,9,3
834,1139,5,11,5,2
1007,4961,2,1,4,4
1025,5177,6,2,6,6
943,2075,3,5,7,1
1326,3428,4,9,10,2
1809,4500,4,9,10,2
2076,7369,2,0,3,8
255,4381,3,1,6,6
1401,9964,4,2,8,4
289,1630,4,2,8,4
384,5012,1,0,3,8
1640,6918,1,0,3,8
463,7822,4,6,8,3
493,10156,8,4,7,3
512,3033,2,5,3,3
1045,4119,2,5,3,3
152,11110,0,0,0,14
1983,332,4,1,6,6
1136,737,4,4,5,2
1436,10319,3,4,11,8
2187,2683,6,4,12,6
568,3445,7,4,10,5
1285,10913,1,0,2,8
770,4427,5,10,12,6
625,8717,11,8,8,5
1312,2066,2,1,3,6
886,3340,7,1,6,8
988,8685,7,1,6,8
647,4149,5,9,6,2
2093,8726,3,1,4,6
2069,2295,5,3,13,3
467,3283,6,2,12,3
688,1915,8,5,6,3
1577,800,1,0,3,4
1958,9166,4,4,12,2
1571,5147,4,9,13,1
433,13,1,0,3,6
710,8557,2,0,3,6
2189,8724,2,0,3,6
840,9381,4,2,10,3
450,9384,4,2,10,3
1234,3560,4,4,11,1
657,241,4,4,11,1
2024,7521,4,4,11,1
2086,9799,2,2,12,5
1308,5123,2,1,3,7
990,448,6,2,11,5
214,4837,8,5,13,4
165,9365,11,3,5,6
246,8932,9,6,6,6
1830,7055,8,5,11,5
312,3537,3,0,4,8
350,9081,1,1,2,5
1058,4988,1,1,4,4
950,1050,2,1,4,2
394,5610,1,0,3,7
1930,3526,1,0,3,7
639,5136,9,4,8,6
1850,1411,2,9,4,1
1287,701,6,2,8,2
442,6203,6,7,12,3
1038,7192,2,4,10,1
485,5181,1,0,2,9
1240,9220,8,6,5,3
26,7734,4,10,7,1
206,10446,5,4,7,2
1121,5524,8,10,4,7
1345,3830,4,4,7,3
2155,5186,7,4,9,6
1099,8514,1,0,3,6
1071,7165,8,2,10,5
969,10236,2,0,3,8
534,2392,3,0,3,7
1824,1920,3,0,3,7
951,3673,7,5,11,5
233,1453,9,3,13,6
290,4518,9,5,11,5
1708,8969,5,5,11,3
171,387,2,0,3,8
1407,1079,3,4,9,8
1248,164,5,1,5,8
1811,3434,4,4,10,1
1737,5721,7,10,6,2
2122,8418,2,0,3,7
1561,5300,2,1,2,7
1432,10424,4,4,9,1
677,11171,6,3,5,7
799,1600,6,3,5,7
2203,7851,3,7,11,1
1423,10701,7,8,12,4
513,891,1,0,2,5
670,6912,6,3,12,4
1851,5967,2,1,3,8
1114,2109,6,11,10,2
765,6292,4,3,10,2
1155,8537,3,10,7,2
168,9576,4,0,4,9
754,5935,7,5,8,5
501,10264,1,1,2,7
1216,234,1,1,2,7
1613,3202,4,4,10,8
2164,1103,4,4,10,6
1267,610,7,2,6,8
966,4480,7,2,5,6
683,10660,8,2,4,7
735,9353,5,5,4,3
870,4120,6,1,4,7
1944,2836,1,0,2,8
237,9579,2,2,2,8
1520,5841,10,3,8,7
1293,3174,5,10,4,6
627,5536,5,10,4,6
1374,2061,2,0,4,6
760,8477,1,0,3,7
831,640,7,6,10,5
1870,3828,7,6,13,4
901,4093,4,3,5,5
125,8624,4,3,10,2
1301,2802,4,6,7,2
687,368,3,2,6,5
1092,3599,8,4,8,5
1343,3389,8,9,13,5
1801,10710,1,0,2,8
154,7118,9,5,6,6
1299,4937,1,0,3,7
737,1127,6,6,7,2
1028,833,3,0,3,7
446,3565,3,0,3,7
138,6086,6,5,12,2
1495,1763,7,11,10,4
150,4697,7,1,5,8
1758,182,6,2,5,8
41,1165,6,2,7,6
638,5386,5,8,5,2
1903,6024,5,8,5,2
231,2678,5,0,3,9
387,5790,2,0,3,8
1242,236,2,1,4,6
1854,6001,5,8,10,5
1662,6250,11,2,8,8
1868,1168,4,6,10,2
530,10749,0,1,0,19
1490,2926,3,6,11,8
916,716,6,7,11,3
1063,6544,6,7,11,3
1907,4298,1,0,2,8
344,5823,1,0,4,5
358,8375,8,2,6,7
1352,5723,1,1,5,2
1690,5763,6,2,5,6
1523,8727,11,6,9,6
667,3056,11,6,9,6
2226,8442,1,0,3,7
742,3712,3,2,6,4
2237,10722,6,6,3,6
1483,2406,6,2,8,5
103,7313,6,5,11,3
2018,2656,1,1,2,7
1418,1993,2,3,9,8
3,4136,3,2,2,9
2121,2928,2,4,8,8
303,2920,2,4,8,8
1972,6661,9,6,12,6
1686,5462,9,6,12,6
619,10897,9,6,12,6
911,10542,3,0,3,9
2168,5756,2,0,3,6
1162,3570,4,1,5,5
445,1072,2,1,3,6
2198,9606,4,2,6,3
1815,2730,3,4,10,1
593,2995,3,4,9,1
161,8210,4,1,8,4
1338,773,6,6,4,6
1697,5272,8,5,3,7
489,5125,4,10,11,2
167,4391,9,3,9,6
1156,6283,9,3,9,6
608,3421,9,3,9,6
435,5731,1,0,3,7
1806,7152,1,0,3,7
1416,3919,5,6,8,3
1764,6097,8,1,6,9
174,5150,2,0,3,6
462,10479,3,2,5,1
1592,5966,3,1,6,6
1658,3439,4,1,5,6
962,6609,3,0,3,9
2191,5393,1,0,3,7
1582,9014,3,0,3,8
1233,4050,2,1,4,3
607,6862,0,0,0,20
774,8315,1,0,2,6
1465,5184,1,0,2,6
130,3643,4,3,6,2
1075,2589,2,1,3,6
1261,4887,2,0,3,5
920,10104,1,0,2,7
461,3254,5,4,4,2
1947,2004,4,7,5,1
989,6142,5,3,5,2
2003,8553,1,0,3,6
583,9805,6,2,10,4
1597,849,6,2,10,4
23,1606,1,0,2,8
1588,125,5,1,5,7
1433,9305,4,9,13,2
764,4706,1,0,3,5
1617,4437,3,2,5,4
1665,3081,1,0,2,7
1500,3536,1,1,3,5
357,8686,2,0,3,8
1889,9707,4,2,11,8
1279,10872,4,2,11,8
993,9058,5,11,5,3
1176,4640,4,7,13,2
383,2525,5,2,9,6
1485,9503,5,1,5,8
1542,10704,6,2,9,4
1826,2669,5,4,6,2
1258,10037,5,4,6,2
787,5680,1,0,3,6
1611,3726,1,0,2,8
96,4548,1,0,3,4
1798,4599,7,1,7,7
1101,879,7,1,7,7
180,7409,4,1,6,5
2041,1964,5,6,6,2
356,0,3,4,9,1
2117,4860,1,0,3,6
1128,425,6,2,11,5
874,9500,9,2,8,7
72,3074,5,8,4,6
1724,5140,4,3,12,8
533,2611,2,4,12,1
2132,916,1,0,3,3
1579,10413,4,6,12,1
871,3696,2,0,3,7
1120,304,3,0,3,7
634,5113,5,5,5,2
2224,2863,2,3,10,7
873,4597,3,2,13,1
1050,675,4,2,5,7
539,4483,2,10,6,1
1539,1502,2,0,3,8
27,736,2,0,3,8
1131,4487,2,0,4,6
861,3412,2,2,9,7
2067,1744,1,1,2,6
738,5837,6,3,6,7
2130,3422,2,3,4,6
1698,7462,10,2,4,9
550,10702,7,1,7,7
1022,2115,1,0,4,5
162,4138,5,10,7,1
324,11091,1,0,3,4
482,7712,6,2,10,4
2098,3535,4,3,5,2
1003,5899,1,0,0,20
939,8749,1,1,2,4
1189,10955,3,6,4,1
849,9491,3,1,3,7
1942,5286,3,2,4,3
1518,3409,7,1,4,9
1581,2544,1,1,4,1
1709,2118,7,2,8,4
5,9370,6,3,6,4
1026,4864,4,1,3,8
1780,405,5,5,3,8
773,10513,2,3,6,7
584,5138,1,0,3,8
1515,8387,4,1,5,6
914,378,7,2,10,6
747,5846,1,0,2,6
2106,8870,6,1,5,8
199,10340,6,1,5,8
2110,7290,3,5,12,2
1402,8895,3,5,12,2
1959,3635,6,3,8,5
813,11178,1,0,3,7
24,2410,3,4,8,1
2032,3281,4,1,8,6
558,9905,3,3,3,6
2026,2437,6,5,12,3
457,2565,4,5,10,3
177,7912,3,1,2,8
1533,7072,8,5,4,4
1677,1409,7,1,5,8
1501,5314,7,1,5,8
432,7215,6,8,13,2
912,8858,8,2,7,8
1545,895,5,2,10,5
1396,10313,5,1,4,8
736,642,2,1,2,8
771,8504,5,6,7,2
2113,1020,5,6,7,2
835,3717,5,5,6,3
1774,7646,5,3,12,4
880,5796,4,5,13,1
1647,8625,3,0,3,8
1354,5407,10,6,7,7
447,4356,3,3,5,6
1406,2886,10,8,10,6
1174,10057,5,7,9,7
739,10741,6,1,5,7
1621,5491,6,1,5,7
1344,4442,1,1,5,3
1217,3972,7,1,5,8
2210,2431,2,0,3,8
484,7899,4,7,4,7
1224,9703,3,2,2,7
1845,6927,5,1,5,8
1572,7005,5,3,12,2
79,246,4,1,7,4
385,4796,1,0,3,2
254,4725,1,1,4,2
1725,3286,2,0,3,6
663,10680,3,0,3,7
1049,4297,2,0,3,8
577,7327,1,1,4,2
194,1553,7,5,10,4
141,1665,2,5,6,5
594,10640,4,1,4,7
1319,7620,2,2,2,8
629,7761,3,0,4,6
1220,5062,2,0,2,8
679,6349,8,4,6,5
1747,3386,2,1,4,7
917,8175,2,1,4,7
140,6245,3,5,8,3
1881,8780,3,5,8,3
1489,2276,4,7,11,3
232,1172,7,5,12,3
779,3225,4,1,5,6
44,8629,1,0,3,5
1788,798,1,0,3,7
1085,269,4,4,7,9
65,8213,2,2,3,7
1411,10245,3,3,8,1
1171,2447,2,0,3,7
1091,9817,9,4,12,8
1805,1371,2,4,9,1
326,8093,4,3,6,1
127,713,4,4,6,3
921,11051,6,3,10,4
516,5545,3,5,5,1
987,5283,2,1,4,5
1482,5010,1,0,3,8
1307,7495,2,1,5,4
1166,4368,3,0,4,6
1302,6303,5,5,12,1
1839,1030,1,0,3,7
2081,10364,1,0,2,8
102,6945,9,11,11,5
2014,8562,2,1,7,2
1951,2918,2,0,4,5
1817,9167,9,2,12,6
788,4743,8,4,11,6
1859,10742,4,2,5,1
2232,10965,3,5,13,6
656,7129,6,4,13,6
1056,3732,5,7,9,4
1066,7124,2,1,4,5
1031,10686,1,0,2,7
2097,7247,7,4,6,6
781,1513,2,2,12,8
374,460,3,5,8,2
1739,6653,7,2,5,7
1645,9400,6,6,6,2
1654,7106,3,5,10,1
1565,4252,4,1,6,5
2029,9240,6,2,8,6
730,10770,4,7,13,2
2112,176,4,1,6,3
761,6870,3,1,7,2
952,143,5,3,4,2
732,6445,4,5,6,2
1917,4278,10,2,6,3
2199,6906,3,10,4,2
1246,4637,6,9,9,3
1133,8690,5,7,10,2
1451,1173,4,2,6,2
1829,1928,2,0,3,9
540,9029,2,8,12,1
1110,10299,6,3,13,5
1844,9246,6,1,6,7
1074,4943,2,4,9,6
345,4122,6,5,4,4
1068,2853,4,2,4,5
1112,902,6,2,4,6
14,1672,5,1,8,2
156,7254,3,1,3,7
2211,8775,3,1,3,7
2070,9543,0,0,3,7
1334,7093,0,0,3,7
487,2894,7,5,8,4
1507,5956,6,1,4,8
1450,1921,2,0,3,4
1177,5057,4,4,10,2
1669,10260,6,1,5,7
1140,2262,6,1,5,7
1268,7930,3,1,6,6
198,1461,2,0,3,7
1776,7514,3,1,4,6
504,6461,5,6,11,2
957,257,5,4,9,3
2019,9460,3,2,2,8
1950,3855,3,2,2,8
1048,367,9,1,5,9
716,9265,9,4,6,5
1622,1990,3,5,8,3
2180,3594,8,2,9,8
1419,9292,4,11,7,2
104,6218,8,1,7,7
1537,6528,1,0,2,8
1484,10164,5,5,5,5
1993,9937,2,2,12,1
1595,274,2,0,3,6
604,5250,5,5,11,1
890,11010,3,0,3,8
580,6969,4,1,5,7
1127,10735,2,0,2,9
817,5068,2,0,2,9
1083,9974,3,1,2,7
1441,7053,3,10,8,1
2107,3179,6,6,7,2
1387,8082,1,1,2,7
995,1362,6,1,6,7
1763,6768,1,0,3,8
1005,2375,0,0,3,8
1866,6856,3,0,3,9
1676,4066,2,1,2,6
1208,4333,2,1,3,7
1415,2948,2,2,5,2
1779,4927,3,0,3,9
1125,7426,3,1,5,3
1967,8360,3,1,5,3
330,4058,11,2,8,6
1498,10755,3,1,2,7
944,8414,2,0,4,7
1812,6810,3,2,6,1
1475,3839,2,2,3,5
1877,3483,2,8,12,8
1086,238,9,6,9,7
1810,591,8,3,7,7
934,5063,4,1,4,9
1158,4303,0,0,1,20
178,2258,1,0,3,8
2007,7301,3,0,3,8
1630,11121,4,0,3,9
875,5287,3,1,3,7
1614,6457,6,4,12,4
2196,3559,2,1,3,6
731,5577,1,0,2,6
2179,641,2,2,2,4
961,954,2,1,3,5
850,1834,2,0,3,7
293,8789,3,1,7,4
479,10584,5,10,8,3
796,2337,3,0,3,6
1934,6071,3,7,11,1
1300,295,3,7,11,1
386,10203,1,0,3,7
703,3968,11,3,12,7
82,4037,1,0,2,7
1510,6932,7,10,5,2
126,10159,11,5,9,6
1122,1177,3,1,3,7
908,9426,2,6,3,8
2116,10637,3,0,3,7
1902,10826,1,1,2,8
1521,4086,1,1,2,8
2213,10304,1,1,2,8
1715,7998,2,2,2,7
1675,10992,4,6,11,8
1820,6383,3,0,3,8
1609,10536,3,0,3,8
1710,6036,5,6,7,1
59,11092,2,0,3,7
1161,538,1,1,4,3
2023,10022,1,0,2,5
229,10157,4,1,6,4
2150,3503,5,3,6,1
2114,146,4,5,11,2
1945,5538,4,7,6,1
1333,3910,4,7,6,1
1584,4227,2,1,3,5
2034,6634,2,0,3,7
867,8916,0,0,3,5
47,6460,2,0,3,8
1052,5883,7,4,7,5
1353,10091,6,3,6,5
427,697,5,9,6,3
1836,2607,8,2,8,8
1702,8427,7,5,10,4
617,217,7,5,10,4
863,6202,4,5,13,2
250,3856,4,5,13,2
2100,10648,5,7,6,3
1546,5120,5,7,6,3
128,6749,5,3,6,8
422,1584,8,1,5,8
1720,9559,7,5,13,5
1578,771,2,2,5,2
1376,5237,2,1,3,5
705,2461,1,0,3,3
1651,5474,4,1,4,6
1291,2895,3,1,5,5
2022,7972,3,4,9,1
1652,10067,1,0,2,7
1531,500,7,7,9,2
692,922,1,1,2,8
1593,2861,1,0,2,8
1615,375,2,2,11,1
52,10936,5,6,4,3
1286,10314,9,10,5,4
1030,4240,2,1,2,8
271,2674,6,3,6,3
242,2563,2,0,3,6
207,8312,2,0,3,6
132,6999,7,3,12,3
1657,7574,2,0,3,4
1799,5223,2,1,3,4
1653,2952,3,0,3,6
1195,7683,5,3,12,3
1463,9481,3,1,3,8
536,9907,6,8,10,4
406,5454,2,0,3,5
404,3798,2,1,3,6
1288,7281,1,3,4,2
1,4259,1,0,2,7
1132,2549,1,0,3,9
586,6437,2,0,3,7
305,2488,2,1,3,6
1722,3945,11,8,4,6
1509,702,4,3,8,5
2043,9010,5,7,10,2
283,9710,11,3,7,8
1409,1509,9,9,4,5
1685,9120,4,2,9,8
1861,5252,2,0,3,7
2004,5959,3,1,5,8
1751,7441,2,10,12,7
605,4271,4,1,6,7
1434,4095,4,3,6,7
1294,8852,8,4,11,6
1601,7698,4,1,4,5
1760,4174,2,1,4,3
1538,3182,5,1,3,8
2088,193,1,0,2,5
756,5229,1,0,3,7
1476,5555,0,0,0,0
2000,7732,7,2,10,5
1684,310,4,4,9,4
1108,6261,3,2,10,4
1184,6274,8,10,6,3
959,1655,1,0,3,7
854,2740,2,1,4,5
1880,4328,2,1,3,6
380,17,6,11,7,5
200,9153,7,8,10,5
123,520,1,0,2,7
2147,8372,1,0,2,7
1831,73,0,0,3,5
1499,2002,5,6,5,3
573,6059,11,3,4,7
1656,11166,6,2,4,7
164,6257,7,2,7,7
1649,9224,8,10,5,6
918,8732,7,4,10,4
97,955,4,2,4,8
923,4910,11,5,13,7
632,564,8,6,9,6
215,8931,11,4,10,5
726,1998,2,1,3,6
1813,1250,2,1,3,6
2229,8397,1,1,2,7
1566,9672,1,1,3,6
1632,2125,3,4,8,2
1738,5975,2,0,3,7
1036,983,6,2,3,8
2125,9938,4,6,6,2
741,4385,3,0,3,6
1399,1612,3,0,3,6
1243,803,0,1,2,5
1674,10675,9,3,5,5
1107,7004,3,1,2,9
519,4432,2,0,3,7
327,5079,2,1,3,8
1898,4475,7,8,9,5
91,10868,3,4,10,3
1721,6742,1,0,2,8
139,5692,1,0,3,8
2108,339,9,2,5,7
277,10398,1,0,2,7
1065,8017,2,0,3,6
1540,3722,2,0,3,6
2192,7326,1,1,3,2
1971,2416,2,8,9,1
1552,1878,2,0,3,7
338,5278,6,9,5,3
673,5734,2,0,4,5
1350,4370,2,0,4,6
1194,8405,4,2,5,3
1718,7617,2,1,5,5
1263,10339,4,1,4,6
616,6376,4,3,8,4
974,2150,8,9,4,4
279,7386,1,0,3,7
145,3006,1,0,3,7
681,11088,4,9,4,6
1410,5185,4,3,5,2
1330,3523,5,4,8,3
525,55,7,2,9,6
2065,3807,9,2,9,6
217,2453,5,3,12,5
2111,7787,5,3,12,5
253,2230,3,1,3,5
1020,8146,1,1,2,6
2188,988,6,4,7,3
609,4832,2,2,2,7
733,3152,2,1,3,5
2127,11188,2,1,3,5
1113,361,1,0,2,7
2066,5939,3,1,3,5
1928,9349,6,5,11,2
1452,819,6,5,13,3
1076,10120,3,1,6,5
1404,4541,3,1,6,5
1741,2456,2,1,5,6
362,2516,1,2,2,4
803,11013,2,8,6,1
1914,9988,6,3,13,4
202,1627,5,7,9,4
1206,1490,10,3,8,8
2175,6710,2,0,4,6
763,7375,8,2,4,8
1142,10144,8,2,4,8
61,3138,7,9,6,4
25,1440,9,5,9,7
99,4200,4,1,6,5
2048,4998,4,5,4,2
230,7321,4,5,4,2
953,8663,1,0,2,6
2158,1958,8,2,9,5
554,6963,2,5,10,1
693,1065,5,8,5,2
368,2712,6,3,10,3
1793,6049,7,8,11,3
603,6605,9,4,6,7
1646,11181,0,0,0,0
1245,5234,1,1,3,5
1363,5253,4,2,4,7
1011,11148,1,0,2,8
807,6289,3,1,4,5
76,9743,11,8,8,6
1841,9209,4,6,13,2
2038,6417,4,6,13,2
359,7937,3,0,3,7
897,6488,3,2,2,5
791,3194,4,4,10,1
1227,231,2,0,3,5
1858,9697,7,2,8,6
1424,4676,9,6,8,5
1144,8079,2,1,3,3
1139,10032,3,1,3,6
1116,10505,3,4,7,2
1730,2005,2,0,4,6
1735,6940,3,2,3,6
557,2304,6,3,12,4
441,3170,4,4,6,2
1421,10466,1,0,4,4
2176,7325,1,0,3,5
592,455,4,1,4,6
1849,7592,4,1,4,6
1315,4547,1,0,3,8
2104,6825,1,0,2,7
1981,2961,6,3,4,6
275,8700,2,1,3,7
309,2278,2,1,3,6
1603,10703,3,2,2,8
157,9,3,2,2,8
1994,2804,3,2,2,8
794,4915,5,2,12,5
2163,3010,4,7,8,1
475,4279,1,1,3,3
717,2564,3,1,4,6
1689,1137,4,5,7,1
640,5084,6,4,13,4
268,7094,6,4,13,4
808,6327,2,8,6,1
334,6131,4,2,8,3
780,5798,2,4,8,1
1692,10379,5,2,9,6
2239,606,1,0,2,7
421,7801,5,2,11,4
434,2445,2,0,3,8
697,5346,3,0,3,7
2225,550,3,3,13,2
1648,4478,11,1,6,8
588,2350,3,2,8,8
1332,1118,10,4,5,8
1636,1491,3,4,7,1
1976,4507,6,7,8,3
1478,7023,6,1,4,9
942,6977,10,5,13,6
1138,4042,4,0,4,8
719,7274,4,7,10,2
984,2902,1,0,3,5
1732,3332,3,1,4,8
464,7433,3,1,4,8
1670,9386,5,1,6,6
524,5176,1,0,3,9
1705,10323,4,2,5,5
261,4682,2,2,8,1
75,3083,6,2,5,7
819,8015,4,6,9,1
2146,1745,4,6,9,1
1082,3136,5,3,11,5
1999,6991,9,3,6,8
400,8132,9,2,8,7
1417,503,2,0,3,8
637,8148,6,2,12,5
1752,2736,5,5,11,2
1743,8162,1,0,3,6
1214,692,1,0,2,6
1575,7706,11,8,5,8
294,9298,4,5,8,1
945,2986,1,0,2,6
203,10812,2,1,3,4
1474,2909,8,4,6,3
116,6974,6,10,5,2
1679,9140,2,0,4,6
1590,4554,3,2,8,4
2134,7791,1,0,3,7
1949,5455,2,1,4,7
349,7960,3,9,13,1
425,3426,5,5,13,8
1275,5316,2,0,4,7
590,1404,5,1,3,9
2011,10598,2,0,3,8
300,8212,3,1,4,7
505,3233,7,8,11,5
299,7892,2,1,3,7
1519,2975,6,7,9,3
51,5043,4,2,5,7
636,3104,5,3,12,2
1035,10854,2,0,3,7
1088,7419,2,0,3,6
407,5558,4,6,4,1
1369,832,8,2,10,5
1029,4964,2,11,4,1
1309,11030,1,0,2,6
956,4587,3,1,7,3
2013,450,1,4,4,3
170,11031,1,0,3,5
1097,4990,11,1,8,7
396,221,3,2,4,6
78,4351,1,1,2,7
32,1357,2,5,5,5
1024,5667,9,10,4,6
297,8867,4,10,5,3
1503,2747,4,10,5,3
815,7422,5,1,7,7
319,4148,5,1,6,8
1557,9516,9,7,10,7
1664,1291,6,2,4,8
2133,1833,2,1,4,5
137,7270,2,3,13,6
1340,8182,3,0,4,8
1041,10394,4,8,5,1
499,1142,3,2,9,3
500,451,1,1,2,8
22,7128,1,0,2,7
471,10678,11,2,10,7
559,7755,9,1,4,8
315,4754,2,0,4,4
424,20,2,1,4,4
543,2246,2,1,4,4
978,10307,6,2,8,5
1442,2147,4,7,11,2
2016,10590,4,8,10,2
77,6565,11,4,9,5
570,6619,1,0,3,7
551,4817,1,0,2,8
1673,4508,2,11,5,1
932,4843,2,11,5,1
624,9197,2,0,3,5
133,6237,23,1,1,0
1188,6515,2,0,3,4
144,5954,5,0,4,8
2171,7938,3,2,10,3
2136,961,7,3,5,4
452,1764,5,1,5,8
1534,1916,7,1,6,7
776,6941,2,1,2,7
566,5562,7,2,10,6
970,1517,1,0,3,7
43,7286,2,0,2,10
851,4687,3,11,9,1
1827,5631,5,4,8,4
2143,1951,11,2,8,9
1160,123,4,5,4,2
1912,9451,10,4,9,7
1126,7396,5,8,12,3
15,3298,9,6,9,8
1932,6730,2,0,3,8
84,9916,2,0,3,8
55,2227,3,1,5,6
9,946,3,1,5,6
2087,3745,3,0,3,8
1857,4094,5,1,5,6
2042,8588,5,1,5,6
1586,3916,7,3,12,7
143,9135,1,1,2,8
1514,1755,1,1,4,3
1948,2875,3,7,13,2
18,2008,4,5,9,2
926,10925,3,10,11,1
1643,1604,2,2,6,5
1331,5389,6,2,5,7
1033,2878,4,2,7,3
1969,4440,8,3,6,7
307,1324,3,0,3,8
2118,6262,3,10,8,2
1359,3628,2,1,2,9
1667,3641,2,0,3,6
744,322,2,0,3,4
905,175,8,4,8,4
626,6988,8,4,8,4
1554,8204,4,4,9,2
621,7476,5,4,10,4
842,5221,10,7,5,8
94,8970,6,2,7,5
1236,9286,5,9,4,3
1626,5831,5,5,5,8
1010,1010,1,1,3,3
2157,11074,3,4,10,0
2172,5896,4,4,6,2
844,3515,4,0,4,5
1412,5324,5,3,6,5
1403,6534,2,0,3,5
1146,8373,1,0,3,5
363,3829,1,0,3,5
1335,4501,3,7,9,1
1365,4179,1,1,3,4
768,2292,1,0,3,5
34,9239,2,1,4,3
1464,8953,1,0,3,8
1282,10258,1,0,3,8
1639,3520,4,3,7,3
858,10402,1,0,3,8
1318,11114,2,1,3,7
1202,9553,0,0,3,6
722,6055,5,5,8,3
1215,4786,10,3,12,6
855,5015,2,2,3,7
828,8560,6,4,7,6
935,3469,3,0,3,9
496,5885,4,1,4,8
2167,3310,4,1,4,8
1773,2134,5,5,8,5
790,2532,2,4,6,5
723,2579,6,7,9,4
183,3117,6,1,5,7
1190,5623,1,1,2,7
332,4789,4,8,5,2
1797,9523,0,0,3,4
2208,5268,1,0,4,7
1201,1545,7,2,5,8
852,2254,9,6,5,5
1574,2661,2,0,4,5
1558,3130,2,0,4,5
1867,5847,7,3,10,5
377,5863,6,3,8,5
1865,999,6,7,11,3
1796,2931,6,7,9,3
2036,1890,1,0,2,7
1623,5589,9,2,10,7
1946,10172,4,5,11,3
727,6729,4,5,11,3
17,10492,0,0,3,2
759,2939,4,6,4,2
553,5948,4,1,5,5
248,574,1,1,4,2
456,3266,1,1,4,2
106,10500,3,0,4,5
67,7987,8,1,6,6
665,1135,3,0,4,7
1325,24,3,0,4,7
1736,7244,2,1,4,6
1277,1966,6,9,10,2
1429,7789,6,9,10,2
30,3336,2,4,5,7
378,5644,5,1,7,7
804,1295,6,5,7,4
1963,6663,3,1,4,5
1494,10262,3,1,3,5
476,456,2,0,3,8
971,3270,3,1,3,9
408,5748,5,2,6,5
1172,8952,6,5,10,3
134,3921,4,1,4,8
1742,9826,5,6,10,2
660,5830,5,6,10,2
175,8310,10,4,7,6
2054,6382,1,0,3,4
755,8439,6,3,4,4
856,7613,5,1,6,6
1767,48,4,1,3,6
1843,5046,10,6,7,4
896,3231,1,0,3,8
1079,7181,2,0,3,8
690,1663,2,0,2,9
998,5441,5,2,6,5
793,8602,7,6,11,4
1734,9925,4,2,3,7
818,9499,3,4,7,5
1281,6568,2,0,3,7
1367,3032,4,0,4,9
1869,5153,11,10,11,6
975,4127,11,10,11,6
1560,9940,6,4,4,3
1768,7527,2,1,3,8
188,3406,3,2,7,3
830,9771,5,1,5,9
108,6722,10,3,7,6
1612,213,2,1,3,7
801,8541,2,0,4,5
1511,8475,0,22,0,0
1014,8070,3,3,5,3
1886,313,6,5,10,3
1444,9757,5,6,12,2
941,2088,5,6,12,2
1919,2320,11,1,6,9
412,966,6,2,11,5
1754,9706,2,1,3,8
1225,3979,6,2,8,2
769,5602,8,7,12,3
746,2202,1,0,4,5
2140,9645,9,4,10,6
1703,7230,4,5,7,6
2231,5675,4,5,7,6
1342,4974,4,6,9,7
197,5687,7,7,12,3
1873,5871,6,1,6,8
827,3846,6,1,4,8
1695,10001,2,1,3,9
379,2831,7,7,10,3
274,868,2,0,3,6
1802,7212,2,0,3,6
2031,1743,2,3,5,1
653,2415,5,3,5,4
930,7947,1,0,3,5
429,2106,1,0,3,8
336,3363,1,0,3,8
1368,8595,1,1,3,5
579,7232,1,1,3,5
1487,7829,2,1,2,5
142,9977,9,3,5,4
1884,10142,5,2,11,4
520,5263,1,0,3,8
1290,22,6,1,5,8
393,528,5,4,10,3
528,4070,8,5,4,7
