Survey_Approach_ID,Response_ID,Date_Click,Channel_Type
63,1230,2014-12-24,Facebook
1284,1146,2014-12-15,Website
24,920,2014-12-23,Landing Page
1923,1977,2014-12-26,Website
371,857,2014-12-18,Website
480,36,2014-12-23,Landing Page
1771,821,2014-12-18,Facebook
1195,1423,2014-12-21,Email
2175,652,2014-12-31,Website
2197,2172,2014-12-29,Facebook
1772,1056,2014-12-20,Email
68,608,2014-12-28,Email
1742,2237,2014-12-22,Landing Page
1868,223,2014-12-21,Facebook
1330,382,2014-12-25,Landing Page
2056,983,2014-12-24,Facebook
1792,1781,2014-12-17,Email
2088,1554,2014-12-21,Landing Page
436,1142,2014-12-15,Facebook
1252,1415,2014-12-24,Facebook
2183,1176,2014-12-20,Email
1087,2040,2014-12-24,Email
1365,1995,2014-12-15,Website
1138,1895,2014-12-24,Email
402,730,2014-12-29,Landing Page
1048,199,2014-12-28,Landing Page
955,1341,2014-12-24,Email
1369,1797,2014-12-29,Facebook
1698,886,2014-12-18,Landing Page
1975,9,2014-12-22,Facebook
381,960,2014-12-19,Website
443,1838,2014-12-22,Email
1679,1378,2014-12-27,Landing Page
1979,86,2014-12-16,Email
257,1272,2014-12-19,Facebook
362,368,2014-12-31,Landing Page
227,1691,2014-12-16,Facebook
1207,1533,2014-12-26,Email
2148,1407,2014-12-16,Website
1838,1253,2014-12-17,Landing Page
956,319,2014-12-23,Website
405,403,2014-12-16,Facebook
866,2181,2014-12-28,Email
651,120,2014-12-20,Website
367,2229,2014-12-16,Facebook
1230,156,2014-12-17,Email
665,436,2014-12-28,Facebook
1814,2203,2014-12-30,Email
1762,1431,2014-12-21,Landing Page
740,1489,2014-12-28,Email
365,1336,2014-12-28,Email
912,217,2014-12-29,Email
354,538,2014-12-21,Email
1860,1290,2014-12-31,Landing Page
1460,1157,2014-12-28,Email
1263,1227,2014-12-26,Email
1216,1387,2014-12-23,Facebook
1398,213,2014-12-30,Website
10,466,2014-12-22,Website
314,1832,2014-12-26,Website
1291,360,2014-12-28,Website
1517,2020,2014-12-23,Email
1169,534,2014-12-22,Website
1375,528,2014-12-17,Email
2135,188,2014-12-20,Website
2130,1965,2014-12-27,Landing Page
872,1945,2014-12-20,Website
1039,1085,2014-12-21,Landing Page
1302,1660,2014-12-31,Facebook
1220,76,2014-12-24,Email
447,1736,2014-12-15,Website
1626,531,2014-12-24,Facebook
1170,298,2014-12-29,Website
1062,1940,2014-12-23,Email
1429,1779,2014-12-18,Website
126,667,2014-12-25,Email
1636,852,2014-12-25,Website
1796,1379,2014-12-20,Website
699,2112,2014-12-23,Landing Page
66,526,2014-12-19,Website
1257,2163,2014-12-16,Website
902,987,2014-12-27,Website
1519,649,2014-12-18,Email
980,240,2014-12-23,Website
1117,1004,2014-12-25,Landing Page
1909,648,2014-12-30,Website
1991,616,2014-12-24,Landing Page
542,1712,2014-12-31,Landing Page
1660,386,2014-12-25,Facebook
1052,712,2014-12-25,Facebook
1141,2153,2014-12-18,Landing Page
788,1487,2014-12-23,Landing Page
1710,1123,2014-12-27,Landing Page
1376,636,2014-12-17,Email
938,2142,2014-12-27,Facebook
1413,1257,2014-12-30,Landing Page
188,1419,2014-12-16,Email
290,691,2014-12-16,Website
1358,61,2014-12-18,Website
1596,17,2014-12-18,Website
1353,437,2014-12-15,Landing Page
1976,597,2014-12-30,Email
1176,1903,2014-12-20,Website
100,1113,2014-12-27,Email
2117,650,2014-12-19,Website
1682,1118,2014-12-16,Landing Page
889,1399,2014-12-28,Email
73,2147,2014-12-27,Website
1314,1140,2014-12-17,Email
744,1685,2014-12-23,Email
933,455,2014-12-16,Landing Page
1805,583,2014-12-23,Email
2235,906,2014-12-28,Email
167,644,2014-12-31,Landing Page
1072,1512,2014-12-23,Website
776,606,2014-12-27,Landing Page
1225,314,2014-12-20,Facebook
870,1928,2014-12-30,Website
150,8,2014-12-17,Facebook
565,2146,2014-12-27,Website
336,919,2014-12-20,Email
482,1576,2014-12-20,Website
904,1770,2014-12-20,Website
293,134,2014-12-20,Landing Page
1640,1418,2014-12-27,Website
2232,2107,2014-12-15,Website
1105,1284,2014-12-23,Website
491,1239,2014-12-30,Landing Page
459,1363,2014-12-21,Landing Page
1046,970,2014-12-19,Landing Page
1147,1652,2014-12-17,Facebook
539,347,2014-12-25,Facebook
143,1200,2014-12-26,Landing Page
564,1124,2014-12-28,Landing Page
27,1133,2014-12-27,Facebook
1548,1731,2014-12-26,Website
2158,143,2014-12-29,Landing Page
115,801,2014-12-31,Landing Page
790,1765,2014-12-30,Website
1083,63,2014-12-28,Email
1279,660,2014-12-23,Landing Page
951,1539,2014-12-21,Facebook
852,1266,2014-12-20,Facebook
161,836,2014-12-28,Email
2239,326,2014-12-31,Landing Page
2152,226,2014-12-31,Website
1338,522,2014-12-19,Landing Page
1400,1320,2014-12-23,Website
61,1001,2014-12-30,Facebook
2210,1695,2014-12-29,Landing Page
425,530,2014-12-21,Facebook
1443,1657,2014-12-15,Landing Page
871,556,2014-12-27,Landing Page
1655,1478,2014-12-23,Landing Page
1164,784,2014-12-19,Email
372,1474,2014-12-25,Website
229,2217,2014-12-30,Landing Page
1186,810,2014-12-30,Website
330,1859,2014-12-15,Email
2009,1974,2014-12-31,Email
397,463,2014-12-31,Website
258,756,2014-12-31,Website
70,98,2014-12-23,Landing Page
817,973,2014-12-26,Email
1797,1579,2014-12-28,Facebook
675,824,2014-12-21,Website
129,246,2014-12-15,Website
430,2005,2014-12-29,Landing Page
1165,1611,2014-12-17,Landing Page
1921,1530,2014-12-28,Website
1784,1865,2014-12-24,Facebook
1542,679,2014-12-31,Landing Page
1703,1564,2014-12-24,Landing Page
390,1225,2014-12-18,Email
283,64,2014-12-17,Email
266,107,2014-12-20,Email
1116,6,2014-12-20,Website
1535,1143,2014-12-31,Facebook
869,171,2014-12-21,Website
1944,1604,2014-12-17,Website
451,986,2014-12-16,Facebook
299,745,2014-12-24,Website
1773,601,2014-12-19,Facebook
2082,901,2014-12-22,Landing Page
39,1819,2014-12-15,Email
497,988,2014-12-17,Landing Page
1654,1277,2014-12-22,Landing Page
927,233,2014-12-28,Facebook
659,313,2014-12-18,Website
718,242,2014-12-18,Facebook
2084,1038,2014-12-15,Email
682,707,2014-12-25,Facebook
382,266,2014-12-19,Email
316,1495,2014-12-26,Landing Page
2157,280,2014-12-18,Website
2114,1219,2014-12-22,Website
181,680,2014-12-19,Facebook
1421,47,2014-12-17,Facebook
1051,1858,2014-12-31,Website
555,1082,2014-12-27,Email
1694,97,2014-12-15,Landing Page
2022,169,2014-12-19,Email
745,1331,2014-12-27,Email
1987,189,2014-12-15,Website
1886,1785,2014-12-15,Website
952,915,2014-12-27,Facebook
1271,227,2014-12-21,Email
1951,224,2014-12-29,Email
130,341,2014-12-20,Landing Page
355,1012,2014-12-22,Facebook
1262,225,2014-12-22,Facebook
993,822,2014-12-29,Landing Page
755,1035,2014-12-18,Email
1307,311,2014-12-29,Email
1428,395,2014-12-16,Landing Page
537,133,2014-12-31,Landing Page
2089,1623,2014-12-23,Landing Page
1444,989,2014-12-19,Facebook
339,1823,2014-12-29,Website
739,950,2014-12-29,Landing Page
1065,30,2014-12-18,Facebook
1146,2205,2014-12-21,Landing Page
1890,566,2014-12-25,Email
291,1618,2014-12-17,Facebook
591,1950,2014-12-21,Website
1251,1761,2014-12-27,Website
1973,2215,2014-12-21,Website
914,1737,2014-12-23,Website
1217,1963,2014-12-28,Email
349,1666,2014-12-28,Website
1064,1003,2014-12-24,Landing Page
1019,125,2014-12-17,Facebook
1505,374,2014-12-15,Facebook
1787,1182,2014-12-24,Website
1219,711,2014-12-22,Website
2225,415,2014-12-24,Website
1331,1373,2014-12-29,Website
145,658,2014-12-21,Facebook
2195,2010,2014-12-26,Landing Page
311,1855,2014-12-21,Facebook
1002,592,2014-12-17,Facebook
2191,126,2014-12-31,Website
1067,1496,2014-12-29,Website
207,399,2014-12-30,Landing Page
2190,1610,2014-12-21,Facebook
1988,1065,2014-12-20,Email
784,49,2014-12-19,Landing Page
12,443,2014-12-23,Facebook
580,208,2014-12-21,Facebook
1155,1115,2014-12-23,Landing Page
81,1948,2014-12-24,Email
2230,719,2014-12-19,Email
225,553,2014-12-31,Email
893,180,2014-12-29,Facebook
1495,885,2014-12-19,Website
1782,2036,2014-12-28,Facebook
209,1129,2014-12-30,Email
1287,1760,2014-12-22,Landing Page
1293,1080,2014-12-17,Website
342,1589,2014-12-20,Website
1381,757,2014-12-22,Facebook
1300,59,2014-12-28,Email
1355,2240,2014-12-15,Website
710,1466,2014-12-31,Email
1600,1572,2014-12-21,Facebook
1741,1443,2014-12-29,Email
155,1558,2014-12-20,Landing Page
1575,768,2014-12-20,Email
1091,2006,2014-12-18,Email
281,2176,2014-12-29,Website
767,780,2014-12-21,Landing Page
1387,464,2014-12-22,Email
557,2033,2014-12-20,Email
1446,1224,2014-12-17,Facebook
110,2221,2014-12-31,Landing Page
1127,42,2014-12-23,Email
1687,2145,2014-12-20,Website
1609,248,2014-12-20,Website
2217,1207,2014-12-29,Facebook
2142,1231,2014-12-23,Facebook
2205,74,2014-12-18,Landing Page
854,290,2014-12-22,Landing Page
1642,2144,2014-12-29,Facebook
1362,1949,2014-12-28,Website
304,1745,2014-12-19,Website
1938,703,2014-12-27,Landing Page
725,917,2014-12-20,Facebook
990,1014,2014-12-29,Facebook
614,1882,2014-12-21,Facebook
1372,472,2014-12-24,Landing Page
1964,1486,2014-12-24,Website
254,2073,2014-12-30,Facebook
953,154,2014-12-23,Facebook
215,945,2014-12-15,Email
1794,119,2014-12-22,Facebook
578,460,2014-12-27,Email
165,823,2014-12-25,Website
2079,2065,2014-12-22,Facebook
1677,2209,2014-12-17,Website
1994,1578,2014-12-20,Landing Page
1498,813,2014-12-17,Facebook
26,2228,2014-12-19,Website
1370,1119,2014-12-27,Email
921,440,2014-12-21,Facebook
983,51,2014-12-30,Landing Page
1827,291,2014-12-27,Email
1629,967,2014-12-18,Facebook
1673,434,2014-12-28,Facebook
1621,1970,2014-12-16,Landing Page
1401,1316,2014-12-30,Website
172,1236,2014-12-22,Website
2010,170,2014-12-22,Facebook
1341,868,2014-12-28,Email
1173,1585,2014-12-21,Landing Page
1344,384,2014-12-24,Landing Page
585,2027,2014-12-29,Website
1437,2173,2014-12-30,Email
199,2092,2014-12-31,Website
2099,1665,2014-12-17,Website
203,1247,2014-12-20,Website
601,1891,2014-12-26,Website
756,747,2014-12-21,Website
1111,878,2014-12-21,Website
1577,2204,2014-12-19,Landing Page
926,287,2014-12-22,Landing Page
575,1869,2014-12-17,Website
654,1345,2014-12-16,Website
1627,2164,2014-12-22,Email
1404,1216,2014-12-19,Landing Page
64,1821,2014-12-15,Landing Page
1182,807,2014-12-31,Email
884,1492,2014-12-17,Landing Page
230,788,2014-12-16,Website
797,1801,2014-12-17,Landing Page
838,1867,2014-12-26,Facebook
1473,118,2014-12-29,Email
1927,1287,2014-12-15,Landing Page
660,914,2014-12-21,Website
1441,1283,2014-12-22,Website
985,146,2014-12-21,Email
971,465,2014-12-24,Email
1508,1845,2014-12-27,Landing Page
364,411,2014-12-20,Facebook
83,1488,2014-12-16,Facebook
1708,1223,2014-12-28,Website
1246,1630,2014-12-18,Landing Page
1027,595,2014-12-23,Facebook
809,1599,2014-12-19,Email
1104,1191,2014-12-30,Website
875,1546,2014-12-17,Email
692,112,2014-12-19,Email
548,324,2014-12-19,Website
1408,1662,2014-12-17,Landing Page
693,1930,2014-12-27,Email
781,432,2014-12-25,Facebook
49,331,2014-12-17,Email
274,1344,2014-12-31,Website
337,535,2014-12-27,Facebook
399,366,2014-12-30,Website
667,779,2014-12-22,Email
917,1232,2014-12-20,Website
1497,1059,2014-12-16,Landing Page
1920,1036,2014-12-31,Landing Page
327,626,2014-12-29,Landing Page
74,755,2014-12-20,Email
2236,1701,2014-12-20,Email
2179,1550,2014-12-28,Email
1042,184,2014-12-20,Landing Page
1004,933,2014-12-21,Facebook
1543,320,2014-12-17,Facebook
1799,181,2014-12-21,Email
1651,2044,2014-12-25,Landing Page
757,902,2014-12-28,Email
610,837,2014-12-30,Website
1156,814,2014-12-18,Email
583,439,2014-12-21,Email
1308,598,2014-12-20,Facebook
118,721,2014-12-18,Landing Page
1153,1873,2014-12-19,Email
2065,1105,2014-12-29,Landing Page
1928,215,2014-12-21,Website
1817,355,2014-12-23,Landing Page
691,408,2014-12-19,Landing Page
633,2194,2014-12-27,Facebook
69,1784,2014-12-16,Facebook
974,596,2014-12-24,Facebook
392,922,2014-12-26,Email
1499,1321,2014-12-27,Email
587,491,2014-12-18,Website
2115,1222,2014-12-25,Facebook
1137,2099,2014-12-24,Website
1844,579,2014-12-26,Landing Page
1982,283,2014-12-17,Facebook
1832,449,2014-12-28,Facebook
621,1898,2014-12-18,Website
846,1741,2014-12-30,Website
442,633,2014-12-24,Email
1366,536,2014-12-19,Website
1313,546,2014-12-27,Email
959,623,2014-12-16,Email
2172,2230,2014-12-29,Facebook
1179,2226,2014-12-18,Email
1417,1150,2014-12-16,Email
1162,2121,2014-12-21,Website
428,720,2014-12-26,Facebook
59,1730,2014-12-29,Landing Page
800,1306,2014-12-27,Email
1662,2222,2014-12-28,Facebook
1486,1529,2014-12-31,Website
1031,305,2014-12-19,Email
50,2108,2014-12-31,Facebook
1843,342,2014-12-31,Website
727,511,2014-12-26,Landing Page
1266,1156,2014-12-30,Facebook
194,2109,2014-12-15,Website
1261,1506,2014-12-30,Email
622,552,2014-12-22,Email
396,37,2014-12-29,Facebook
2058,285,2014-12-28,Email
439,729,2014-12-31,Facebook
928,68,2014-12-19,Website
84,2138,2014-12-17,Website
1574,1022,2014-12-24,Email
593,663,2014-12-27,Email
1325,789,2014-12-22,Landing Page
947,794,2014-12-23,Facebook
910,301,2014-12-19,Facebook
1395,2161,2014-12-24,Facebook
582,507,2014-12-15,Email
861,123,2014-12-23,Facebook
1537,75,2014-12-24,Landing Page
329,293,2014-12-26,Landing Page
106,1927,2014-12-20,Email
685,1359,2014-12-19,Facebook
448,1864,2014-12-27,Facebook
114,630,2014-12-22,Landing Page
434,116,2014-12-21,Landing Page
1925,261,2014-12-18,Email
549,2047,2014-12-20,Landing Page
1494,163,2014-12-26,Facebook
393,173,2014-12-27,Facebook
2109,84,2014-12-25,Website
1526,417,2014-12-30,Facebook
2228,274,2014-12-17,Website
363,2053,2014-12-27,Email
1237,693,2014-12-21,Facebook
1129,1025,2014-12-29,Website
1924,547,2014-12-28,Facebook
630,471,2014-12-18,Email
205,237,2014-12-29,Email
142,842,2014-12-25,Landing Page
1260,586,2014-12-28,Email
645,769,2014-12-21,Website
47,1144,2014-12-16,Website
332,1639,2014-12-18,Email
374,58,2014-12-23,Facebook
2090,1262,2014-12-15,Facebook
141,977,2014-12-23,Website
741,2081,2014-12-23,Landing Page
149,640,2014-12-20,Email
1553,792,2014-12-28,Landing Page
961,999,2014-12-29,Facebook
1007,829,2014-12-31,Website
859,343,2014-12-23,Landing Page
2111,260,2014-12-28,Landing Page
1172,1007,2014-12-16,Landing Page
1066,1476,2014-12-15,Website
1054,2093,2014-12-29,Landing Page
1806,1704,2014-12-16,Email
1525,1700,2014-12-20,Landing Page
1866,1847,2014-12-17,Facebook
322,2231,2014-12-26,Landing Page
2068,607,2014-12-30,Website
1800,1829,2014-12-20,Facebook
1277,1333,2014-12-20,Landing Page
2039,954,2014-12-22,Email
2124,294,2014-12-30,Email
2162,35,2014-12-23,Email
1210,1350,2014-12-23,Website
748,122,2014-12-23,Email
1728,879,2014-12-15,Facebook
2019,1841,2014-12-26,Website
2186,864,2014-12-18,Website
1175,1457,2014-12-30,Email
1095,1824,2014-12-25,Facebook
18,79,2014-12-16,Landing Page
208,487,2014-12-20,Facebook
1248,2087,2014-12-15,Landing Page
2060,582,2014-12-22,Landing Page
2008,245,2014-12-24,Website
944,1799,2014-12-31,Website
1030,898,2014-12-22,Facebook
656,72,2014-12-18,Landing Page
1666,1197,2014-12-18,Facebook
2202,210,2014-12-22,Landing Page
1385,2082,2014-12-29,Email
1211,841,2014-12-28,Facebook
1620,554,2014-12-23,Facebook
89,1111,2014-12-17,Landing Page
1997,1281,2014-12-17,Website
449,144,2014-12-15,Landing Page
1862,467,2014-12-24,Facebook
935,609,2014-12-18,Email
648,575,2014-12-19,Email
1183,832,2014-12-15,Landing Page
535,1668,2014-12-27,Facebook
226,1136,2014-12-24,Email
468,1986,2014-12-23,Website
1798,174,2014-12-24,Landing Page
2128,1617,2014-12-22,Facebook
521,501,2014-12-16,Website
386,1952,2014-12-31,Landing Page
1099,613,2014-12-19,Website
1123,1365,2014-12-27,Website
1813,2057,2014-12-21,Email
570,990,2014-12-15,Facebook
1233,661,2014-12-24,Email
1943,379,2014-12-29,Email
967,948,2014-12-23,Email
1569,201,2014-12-23,Landing Page
1913,1619,2014-12-27,Facebook
2085,1382,2014-12-30,Email
1493,442,2014-12-25,Email
15,620,2014-12-22,Website
147,2131,2014-12-28,Facebook
1090,869,2014-12-29,Landing Page
2208,1588,2014-12-26,Website
2054,799,2014-12-17,Facebook
1368,2085,2014-12-19,Facebook
326,969,2014-12-26,Landing Page
1058,182,2014-12-28,Website
1100,370,2014-12-17,Landing Page
979,1093,2014-12-26,Website
127,284,2014-12-24,Website
607,1646,2014-12-25,Website
617,197,2014-12-16,Facebook
109,843,2014-12-27,Email
437,1332,2014-12-31,Email
260,1023,2014-12-21,Landing Page
1502,269,2014-12-17,Website
1016,1141,2014-12-24,Landing Page
259,518,2014-12-23,Facebook
867,995,2014-12-28,Landing Page
58,825,2014-12-29,Landing Page
1865,1237,2014-12-25,Email
1765,1996,2014-12-28,Website
157,560,2014-12-17,Landing Page
643,1947,2014-12-18,Email
723,1693,2014-12-18,Facebook
1953,549,2014-12-15,Email
1264,2062,2014-12-20,Website
1783,1723,2014-12-28,Website
696,1962,2014-12-25,Landing Page
315,762,2014-12-26,Landing Page
1899,92,2014-12-20,Website
734,38,2014-12-27,Landing Page
376,1275,2014-12-18,Website
267,1679,2014-12-24,Landing Page
375,2133,2014-12-24,Facebook
275,1254,2014-12-16,Website
472,1325,2014-12-20,Facebook
277,641,2014-12-26,Facebook
301,639,2014-12-19,Landing Page
1959,445,2014-12-19,Facebook
113,1217,2014-12-22,Email
182,130,2014-12-31,Email
1455,806,2014-12-19,Website
1578,1975,2014-12-19,Email
1457,1628,2014-12-28,Email
750,1570,2014-12-19,Email
616,1534,2014-12-30,Website
385,1477,2014-12-19,Facebook
1995,1024,2014-12-17,Website
649,1374,2014-12-22,Website
1594,2201,2014-12-27,Facebook
483,409,2014-12-24,Landing Page
987,934,2014-12-28,Landing Page
503,783,2014-12-25,Website
452,1312,2014-12-30,Email
1326,344,2014-12-17,Website
906,1268,2014-12-16,Email
87,99,2014-12-28,Facebook
1092,659,2014-12-20,Website
1464,565,2014-12-31,Email
513,2134,2014-12-27,Landing Page
663,115,2014-12-16,Website
389,1297,2014-12-23,Website
1201,151,2014-12-24,Website
1589,1831,2014-12-29,Facebook
1691,1339,2014-12-24,Website
1356,1473,2014-12-31,Website
2013,581,2014-12-18,Facebook
415,193,2014-12-25,Email
1174,1523,2014-12-21,Website
695,760,2014-12-15,Landing Page
646,1304,2014-12-28,Landing Page
1684,1030,2014-12-23,Facebook
1285,1938,2014-12-30,Website
295,1522,2014-12-19,Landing Page
185,2045,2014-12-23,Email
107,392,2014-12-30,Website
1667,1229,2014-12-31,Website
505,1482,2014-12-31,Landing Page
75,2074,2014-12-26,Facebook
948,1172,2014-12-23,Facebook
458,52,2014-12-19,Email
156,1238,2014-12-23,Landing Page
2119,1069,2014-12-24,Landing Page
1348,1301,2014-12-18,Website
1855,947,2014-12-19,Facebook
1304,178,2014-12-17,Facebook
350,1820,2014-12-29,Website
553,1988,2014-12-22,Landing Page
551,1470,2014-12-23,Email
1013,599,2014-12-18,Facebook
595,2219,2014-12-22,Website
1864,1563,2014-12-29,Email
2112,131,2014-12-30,Landing Page
247,1868,2014-12-27,Facebook
57,315,2014-12-21,Email
325,451,2014-12-17,Landing Page
1830,1757,2014-12-28,Landing Page
1470,1540,2014-12-26,Landing Page
1900,196,2014-12-24,Facebook
395,405,2014-12-23,Email
1522,1388,2014-12-26,Landing Page
2156,470,2014-12-28,Website
318,1827,2014-12-23,Website
298,1887,2014-12-27,Landing Page
1755,337,2014-12-28,Website
2213,1536,2014-12-26,Email
1564,1727,2014-12-25,Email
1192,1904,2014-12-19,Facebook
1934,140,2014-12-24,Landing Page
1869,1897,2014-12-25,Website
848,1335,2014-12-20,Website
1011,2083,2014-12-15,Email
1382,759,2014-12-23,Landing Page
282,742,2014-12-22,Email
184,543,2014-12-22,Landing Page
1158,1145,2014-12-25,Landing Page
496,1959,2014-12-31,Facebook
998,264,2014-12-17,Landing Page
1397,183,2014-12-25,Email
1226,418,2014-12-24,Email
1545,359,2014-12-18,Website
348,2212,2014-12-18,Landing Page
715,1367,2014-12-23,Landing Page
775,571,2014-12-30,Facebook
594,1097,2014-12-26,Website
563,1310,2014-12-19,Landing Page
455,1285,2014-12-27,Website
708,1620,2014-12-17,Website
2168,127,2014-12-23,Landing Page
1972,1863,2014-12-21,Website
554,862,2014-12-20,Landing Page
1515,686,2014-12-19,Email
131,426,2014-12-31,Email
1556,1151,2014-12-19,Landing Page
831,461,2014-12-27,Email
792,767,2014-12-28,Landing Page
624,861,2014-12-29,Landing Page
286,2160,2014-12-16,Email
662,141,2014-12-21,Facebook
652,1020,2014-12-29,Facebook
812,462,2014-12-30,Facebook
2196,1098,2014-12-18,Email
962,819,2014-12-18,Landing Page
1562,2066,2014-12-18,Website
358,1748,2014-12-20,Facebook
320,289,2014-12-20,Website
581,924,2014-12-17,Email
1200,1814,2014-12-23,Landing Page
1023,336,2014-12-15,Website
1185,1979,2014-12-30,Website
378,612,2014-12-27,Email
864,527,2014-12-27,Email
720,1273,2014-12-23,Landing Page
222,1465,2014-12-27,Facebook
658,1464,2014-12-25,Facebook
592,452,2014-12-31,Website
644,1582,2014-12-28,Landing Page
862,484,2014-12-24,Landing Page
2193,856,2014-12-22,Website
91,83,2014-12-17,Landing Page
877,1795,2014-12-26,Facebook
2226,1384,2014-12-15,Landing Page
1791,2004,2014-12-24,Landing Page
1377,1250,2014-12-28,Email
883,573,2014-12-16,Facebook
512,1542,2014-12-22,Website
1038,943,2014-12-19,Email
783,302,2014-12-19,Facebook
2163,486,2014-12-23,Email
684,994,2014-12-19,Email
119,431,2014-12-23,Facebook
2028,724,2014-12-15,Email
2033,1592,2014-12-31,Website
212,1445,2014-12-19,Email
900,1347,2014-12-30,Website
2066,911,2014-12-26,Email
1696,1083,2014-12-28,Website
1881,1813,2014-12-16,Email
916,900,2014-12-18,Facebook
763,249,2014-12-27,Website
1026,2019,2014-12-17,Website
77,1689,2014-12-16,Email
2098,1116,2014-12-20,Email
502,1313,2014-12-28,Website
1411,1545,2014-12-18,Facebook
1946,1553,2014-12-23,Email
1811,2141,2014-12-19,Email
1779,1889,2014-12-20,Email
706,1555,2014-12-21,Website
279,117,2014-12-26,Website
2203,1816,2014-12-30,Landing Page
56,1547,2014-12-17,Email
1686,1110,2014-12-17,Website
72,803,2014-12-18,Landing Page
845,2171,2014-12-31,Website
1423,1902,2014-12-15,Website
1663,677,2014-12-18,Website
1688,1575,2014-12-19,Facebook
805,457,2014-12-15,Facebook
851,991,2014-12-22,Email
1145,1990,2014-12-19,Website
1949,717,2014-12-18,Website
1821,1177,2014-12-30,Facebook
2240,1749,2014-12-24,Landing Page
158,1917,2014-12-25,Email
881,2227,2014-12-23,Landing Page
1624,539,2014-12-16,Email
786,1936,2014-12-31,Landing Page
1037,406,2014-12-20,Email
377,159,2014-12-30,Email
164,1987,2014-12-28,Website
1776,1906,2014-12-24,Website
908,557,2014-12-30,Website
561,354,2014-12-25,Website
1790,1481,2014-12-31,Facebook
798,54,2014-12-27,Email
1763,2165,2014-12-25,Facebook
833,329,2014-12-15,Landing Page
623,1515,2014-12-16,Email
262,1674,2014-12-17,Website
1992,500,2014-12-16,Email
2184,1638,2014-12-18,Landing Page
2014,383,2014-12-20,Facebook
1851,1131,2014-12-27,Website
712,10,2014-12-27,Email
681,2056,2014-12-17,Facebook
494,1524,2014-12-17,Facebook
913,2029,2014-12-16,Facebook
1462,1279,2014-12-20,Facebook
103,726,2014-12-28,Facebook
450,692,2014-12-17,Facebook
1608,1309,2014-12-23,Email
2151,2114,2014-12-20,Website
677,593,2014-12-27,Website
1962,33,2014-12-30,Website
2061,1722,2014-12-22,Website
860,2059,2014-12-26,Landing Page
1670,1817,2014-12-18,Facebook
982,1406,2014-12-25,Facebook
1440,2111,2014-12-19,Email
464,2116,2014-12-31,Website
1154,497,2014-12-15,Website
1113,1323,2014-12-23,Landing Page
1089,1964,2014-12-21,Landing Page
1075,172,2014-12-29,Website
1506,2213,2014-12-15,Facebook
1882,2208,2014-12-23,Facebook
1309,2002,2014-12-29,Facebook
1557,1789,2014-12-30,Facebook
331,1971,2014-12-25,Website
1118,777,2014-12-22,Facebook
1483,1884,2014-12-24,Facebook
334,638,2014-12-21,Landing Page
2035,262,2014-12-20,Landing Page
1809,1385,2014-12-15,Website
989,786,2014-12-25,Facebook
613,1923,2014-12-31,Landing Page
1985,1414,2014-12-23,Facebook
313,1405,2014-12-23,Website
1990,1751,2014-12-24,Landing Page
2214,2233,2014-12-25,Facebook
1874,2069,2014-12-22,Email
1267,1000,2014-12-19,Facebook
410,771,2014-12-21,Email
1238,1044,2014-12-27,Landing Page
2049,1047,2014-12-24,Website
45,631,2014-12-19,Email
264,741,2014-12-24,Facebook
488,350,2014-12-20,Website
1161,1259,2014-12-23,Email
1647,1596,2014-12-16,Landing Page
1022,570,2014-12-22,Landing Page
960,2017,2014-12-25,Email
2026,605,2014-12-23,Landing Page
1555,1252,2014-12-17,Landing Page
602,1878,2014-12-30,Landing Page
1209,446,2014-12-21,Email
922,604,2014-12-20,Landing Page
391,1612,2014-12-23,Website
1877,1369,2014-12-20,Facebook
1839,1826,2014-12-26,Email
1110,746,2014-12-23,Landing Page
2018,1683,2014-12-18,Facebook
752,673,2014-12-21,Website
958,1425,2014-12-18,Facebook
641,699,2014-12-29,Facebook
1648,1175,2014-12-16,Email
251,2132,2014-12-15,Website
1723,708,2014-12-16,Facebook
1349,2130,2014-12-25,Email
2144,1243,2014-12-25,Website
1737,1490,2014-12-30,Email
1954,1956,2014-12-17,Website
1712,271,2014-12-21,Landing Page
2224,1364,2014-12-28,Website
41,1128,2014-12-21,Email
1591,1408,2014-12-20,Website
1316,1509,2014-12-18,Facebook
1641,1356,2014-12-19,Email
1310,1631,2014-12-21,Facebook
1524,1187,2014-12-22,Website
733,286,2014-12-23,Website
843,1396,2014-12-22,Email
1595,2043,2014-12-15,Facebook
840,345,2014-12-28,Website
1055,179,2014-12-23,Website
2178,1565,2014-12-29,Facebook
1188,928,2014-12-30,Email
2063,1472,2014-12-24,Website
573,975,2014-12-23,Website
532,1981,2014-12-23,Facebook
138,1358,2014-12-27,Email
1485,1890,2014-12-16,Facebook
2209,276,2014-12-30,Facebook
1563,1597,2014-12-17,Landing Page
943,1499,2014-12-18,Landing Page
2006,13,2014-12-29,Email
21,502,2014-12-25,Email
501,1516,2014-12-24,Email
341,1398,2014-12-25,Facebook
963,259,2014-12-15,Facebook
1112,1960,2014-12-21,Website
228,2192,2014-12-27,Facebook
1915,992,2014-12-26,Landing Page
762,425,2014-12-20,Website
1480,929,2014-12-18,Facebook
238,200,2014-12-18,Website
609,353,2014-12-17,Website
2092,194,2014-12-29,Facebook
1035,2049,2014-12-19,Facebook
795,1568,2014-12-17,Email
673,1525,2014-12-17,Facebook
250,328,2014-12-16,Facebook
1795,1444,2014-12-30,Landing Page
1766,241,2014-12-17,Website
465,894,2014-12-17,Website
1474,1318,2014-12-23,Email
1939,203,2014-12-31,Facebook
704,1622,2014-12-28,Facebook
1000,2046,2014-12-21,Email
771,340,2014-12-29,Facebook
1425,1180,2014-12-23,Facebook
825,94,2014-12-16,Website
1780,972,2014-12-19,Website
1221,1696,2014-12-27,Email
78,394,2014-12-21,Email
1503,847,2014-12-23,Landing Page
471,11,2014-12-21,Email
310,1117,2014-12-18,Website
716,236,2014-12-26,Email
2194,1697,2014-12-26,Landing Page
530,1075,2014-12-27,Facebook
1297,1042,2014-12-22,Website
394,26,2014-12-25,Facebook
758,674,2014-12-25,Landing Page
253,1416,2014-12-19,Website
1459,474,2014-12-17,Email
1846,1040,2014-12-20,Website
32,1397,2014-12-23,Website
1282,2031,2014-12-17,Email
1208,940,2014-12-15,Facebook
874,752,2014-12-18,Landing Page
2072,1215,2014-12-25,Landing Page
1824,866,2014-12-23,Email
1602,2151,2014-12-26,Facebook
1475,255,2014-12-19,Website
1516,468,2014-12-23,Email
96,891,2014-12-15,Facebook
1204,944,2014-12-20,Landing Page
975,1544,2014-12-26,Facebook
711,2200,2014-12-22,Website
1447,1653,2014-12-30,Website
2155,1002,2014-12-18,Facebook
169,753,2014-12-29,Email
1418,1875,2014-12-23,Website
1178,423,2014-12-21,Website
2016,790,2014-12-29,Facebook
1774,1076,2014-12-19,Website
486,985,2014-12-19,Website
625,475,2014-12-17,Website
1857,43,2014-12-31,Facebook
879,1720,2014-12-17,Landing Page
2094,938,2014-12-27,Email
1323,2143,2014-12-18,Website
909,1958,2014-12-26,Email
473,1264,2014-12-27,Facebook
2231,1672,2014-12-24,Landing Page
498,1090,2014-12-23,Email
1585,542,2014-12-28,Email
42,1155,2014-12-26,Facebook
19,942,2014-12-15,Facebook
268,1190,2014-12-15,Facebook
1534,1178,2014-12-24,Facebook
366,499,2014-12-28,Email
1405,1966,2014-12-17,Landing Page
233,908,2014-12-24,Website
1274,568,2014-12-16,Website
187,372,2014-12-24,Email
816,1740,2014-12-28,Landing Page
1438,529,2014-12-28,Landing Page
544,2048,2014-12-31,Email
992,175,2014-12-24,Landing Page
132,1888,2014-12-20,Website
433,611,2014-12-24,Email
743,1094,2014-12-21,Email
2046,1587,2014-12-15,Facebook
22,1822,2014-12-23,Website
8,2127,2014-12-25,Email
500,704,2014-12-16,Website
1059,1989,2014-12-25,Website
1121,971,2014-12-21,Website
495,520,2014-12-27,Website
849,102,2014-12-17,Website
424,1774,2014-12-31,Landing Page
589,1951,2014-12-22,Facebook
754,2,2014-12-27,Facebook
52,997,2014-12-16,Website
1871,327,2014-12-27,Website
931,1659,2014-12-22,Landing Page
2015,361,2014-12-28,Landing Page
1049,2003,2014-12-30,Website
256,627,2014-12-17,Facebook
735,1057,2014-12-31,Website
294,675,2014-12-15,Email
178,1270,2014-12-26,Landing Page
929,1605,2014-12-19,Landing Page
6,1909,2014-12-17,Landing Page
1861,71,2014-12-21,Website
1579,602,2014-12-15,Website
477,1645,2014-12-29,Website
703,523,2014-12-19,Landing Page
1850,1702,2014-12-19,Website
323,145,2014-12-26,Email
803,1624,2014-12-23,Email
1734,292,2014-12-16,Landing Page
1916,1850,2014-12-31,Email
986,1900,2014-12-26,Landing Page
312,1327,2014-12-27,Facebook
175,555,2014-12-24,Website
467,1192,2014-12-19,Facebook
454,254,2014-12-31,Website
1752,136,2014-12-24,Landing Page
608,1594,2014-12-22,Website
53,909,2014-12-22,Landing Page
1622,1811,2014-12-21,Website
529,976,2014-12-31,Email
811,216,2014-12-15,Landing Page
1056,1846,2014-12-18,Landing Page
1029,1380,2014-12-30,Landing Page
438,958,2014-12-23,Website
1247,258,2014-12-19,Facebook
1561,1655,2014-12-20,Email
1294,1147,2014-12-25,Email
1203,982,2014-12-29,Email
1598,545,2014-12-29,Facebook
2187,263,2014-12-17,Landing Page
1695,427,2014-12-30,Email
353,2214,2014-12-25,Website
1659,1973,2014-12-22,Email
2180,2058,2014-12-17,Landing Page
820,728,2014-12-16,Email
1933,2169,2014-12-16,Landing Page
1468,1763,2014-12-31,Landing Page
1897,2158,2014-12-15,Email
1619,1138,2014-12-18,Facebook
1234,110,2014-12-30,Facebook
1361,1860,2014-12-21,Facebook
2200,758,2014-12-25,Email
1567,1735,2014-12-30,Email
2051,231,2014-12-16,Website
753,1071,2014-12-18,Landing Page
1646,424,2014-12-20,Landing Page
1080,1404,2014-12-25,Landing Page
668,441,2014-12-24,Website
690,488,2014-12-21,Facebook
1131,1428,2014-12-30,Website
615,46,2014-12-21,Landing Page
1834,444,2014-12-25,Email
969,1883,2014-12-18,Website
2171,1755,2014-12-22,Facebook
1241,2128,2014-12-19,Email
1930,524,2014-12-20,Email
1120,1034,2014-12-21,Landing Page
1876,937,2014-12-17,Website
2161,1574,2014-12-27,Email
1873,2188,2014-12-19,Website
506,2016,2014-12-16,Landing Page
1892,1484,2014-12-19,Landing Page
17,1392,2014-12-24,Facebook
2146,104,2014-12-16,Facebook
827,1204,2014-12-20,Facebook
1550,957,2014-12-26,Landing Page
765,2096,2014-12-31,Landing Page
344,1485,2014-12-21,Facebook
1086,2166,2014-12-17,Landing Page
702,1060,2014-12-31,Email
1709,1195,2014-12-15,Website
1380,1848,2014-12-26,Landing Page
287,551,2014-12-24,Email
787,2157,2014-12-24,Email
2182,618,2014-12-31,Landing Page
104,1389,2014-12-22,Email
661,222,2014-12-22,Email
1918,1018,2014-12-22,Landing Page
1583,1032,2014-12-22,Email
2176,1983,2014-12-22,Landing Page
569,23,2014-12-24,Email
1736,40,2014-12-26,Landing Page
159,2021,2014-12-29,Website
1171,1153,2014-12-17,Landing Page
245,1401,2014-12-24,Facebook
612,1235,2014-12-15,Landing Page
1345,1274,2014-12-28,Landing Page
514,1164,2014-12-29,Landing Page
778,150,2014-12-23,Facebook
2059,740,2014-12-16,Facebook
470,830,2014-12-23,Website
1989,561,2014-12-17,Email
1760,725,2014-12-29,Email
210,927,2014-12-20,Landing Page
814,1203,2014-12-24,Email
1638,2071,2014-12-23,Email
435,1043,2014-12-16,Email
2237,308,2014-12-20,Landing Page
747,321,2014-12-25,Landing Page
655,653,2014-12-29,Email
2069,1728,2014-12-23,Facebook
1743,1796,2014-12-22,Website
1853,1184,2014-12-17,Landing Page
462,2179,2014-12-28,Landing Page
25,479,2014-12-19,Facebook
1479,124,2014-12-19,Website
991,335,2014-12-26,Email
1719,1296,2014-12-23,Email
248,187,2014-12-16,Email
1533,1634,2014-12-26,Email
1786,1326,2014-12-16,Facebook
2002,2182,2014-12-25,Landing Page
1109,1835,2014-12-31,Website
1856,481,2014-12-25,Facebook
263,817,2014-12-31,Website
789,1573,2014-12-20,Website
1604,1925,2014-12-29,Email
1034,896,2014-12-29,Facebook
1451,1893,2014-12-15,Landing Page
2021,1459,2014-12-24,Facebook
345,1395,2014-12-18,Landing Page
1974,1433,2014-12-26,Landing Page
1504,367,2014-12-29,Facebook
1509,1221,2014-12-24,Email
1681,230,2014-12-26,Website
423,257,2014-12-28,Facebook
761,617,2014-12-15,Facebook
148,19,2014-12-30,Facebook
1625,1271,2014-12-23,Landing Page
1491,1501,2014-12-25,Website
588,773,2014-12-27,Facebook
2048,1063,2014-12-21,Facebook
2108,1148,2014-12-20,Landing Page
1664,1037,2014-12-24,Email
2053,622,2014-12-17,Facebook
2041,2150,2014-12-25,Website
2001,833,2014-12-16,Facebook
1399,16,2014-12-24,Email
2042,1447,2014-12-22,Facebook
1904,1154,2014-12-22,Landing Page
1081,166,2014-12-28,Email
2004,1288,2014-12-26,Website
729,1357,2014-12-23,Landing Page
2131,966,2014-12-23,Website
1532,1606,2014-12-25,Website
1150,253,2014-12-27,Facebook
719,438,2014-12-31,Facebook
2,681,2014-12-23,Facebook
751,91,2014-12-31,Website
1163,705,2014-12-23,Website
1599,2189,2014-12-21,Facebook
2047,473,2014-12-22,Email
796,1870,2014-12-29,Landing Page
1956,1161,2014-12-31,Email
1337,513,2014-12-24,Website
76,1648,2014-12-27,Email
701,993,2014-12-18,Email
1301,872,2014-12-31,Email
541,1839,2014-12-18,Facebook
1810,1739,2014-12-29,Facebook
98,2104,2014-12-27,Facebook
1025,1500,2014-12-25,Facebook
34,1436,2014-12-25,Landing Page
546,875,2014-12-15,Website
764,1715,2014-12-28,Email
60,164,2014-12-24,Facebook
1360,27,2014-12-31,Landing Page
1580,1877,2014-12-30,Facebook
533,1629,2014-12-29,Landing Page
821,811,2014-12-22,Facebook
1511,303,2014-12-26,Email
1969,1402,2014-12-30,Email
125,1354,2014-12-30,Facebook
456,338,2014-12-27,Email
1001,1901,2014-12-15,Website
1041,404,2014-12-22,Email
1392,645,2014-12-29,Facebook
86,1669,2014-12-17,Website
1384,1210,2014-12-21,Website
1160,1088,2014-12-20,Email
1448,1656,2014-12-29,Landing Page
492,1298,2014-12-18,Landing Page
1028,984,2014-12-18,Facebook
1394,731,2014-12-15,Website
558,1773,2014-12-31,Facebook
380,873,2014-12-22,Email
1836,28,2014-12-30,Website
1130,1442,2014-12-20,Email
885,412,2014-12-16,Landing Page
1354,1810,2014-12-29,Landing Page
432,1717,2014-12-29,Landing Page
600,1334,2014-12-29,Email
1299,591,2014-12-29,Email
1255,2140,2014-12-24,Website
146,1680,2014-12-28,Facebook
1847,93,2014-12-17,Landing Page
1744,1452,2014-12-19,Website
1106,279,2014-12-19,Facebook
36,899,2014-12-29,Landing Page
306,1193,2014-12-20,Website
166,390,2014-12-24,Facebook
2133,1738,2014-12-19,Landing Page
2043,1112,2014-12-23,Website
305,2220,2014-12-15,Website
1458,238,2014-12-21,Facebook
1546,1581,2014-12-28,Facebook
1069,1953,2014-12-15,Email
1571,1775,2014-12-21,Website
837,1171,2014-12-24,Website
162,1050,2014-12-22,Email
1476,373,2014-12-18,Facebook
351,1055,2014-12-19,Email
244,1400,2014-12-23,Facebook
2125,186,2014-12-16,Landing Page
2110,2077,2014-12-28,Landing Page
1050,1946,2014-12-18,Email
1166,2054,2014-12-24,Website
1389,429,2014-12-30,Email
1705,1918,2014-12-28,Email
2116,2137,2014-12-30,Email
1539,1777,2014-12-20,Email
2087,694,2014-12-18,Email
1893,458,2014-12-18,Facebook
1489,1673,2014-12-28,Website
2037,1168,2014-12-22,Landing Page
1422,1705,2014-12-26,Website
749,1480,2014-12-23,Email
80,1782,2014-12-25,Landing Page
1637,1340,2014-12-23,Email
2185,433,2014-12-30,Landing Page
1936,1806,2014-12-17,Email
1917,139,2014-12-21,Email
1816,1688,2014-12-21,Landing Page
1747,1471,2014-12-26,Facebook
446,1337,2014-12-22,Email
2188,1694,2014-12-26,Email
1119,1528,2014-12-17,Website
124,41,2014-12-29,Website
1749,1549,2014-12-21,Email
2169,690,2014-12-28,Website
1716,515,2014-12-15,Facebook
93,1517,2014-12-24,Email
1202,1375,2014-12-22,Landing Page
357,1242,2014-12-28,Facebook
1804,1381,2014-12-15,Facebook
950,2051,2014-12-23,Website
653,1603,2014-12-16,Facebook
2100,1671,2014-12-23,Landing Page
779,1498,2014-12-24,Email
1,1062,2014-12-22,Facebook
30,1212,2014-12-15,Email
1552,2115,2014-12-21,Landing Page
1021,1051,2014-12-16,Email
1940,702,2014-12-15,Email
1196,871,2014-12-31,Email
48,422,2014-12-30,Website
1720,854,2014-12-28,Landing Page
657,968,2014-12-19,Website
876,1029,2014-12-31,Email
1549,1053,2014-12-29,Website
1612,2193,2014-12-21,Website
137,2068,2014-12-29,Landing Page
528,2089,2014-12-17,Website
642,1228,2014-12-29,Landing Page
2154,410,2014-12-29,Website
596,160,2014-12-30,Website
941,307,2014-12-29,Facebook
2027,698,2014-12-21,Landing Page
457,1307,2014-12-28,Email
1409,516,2014-12-19,Email
858,1424,2014-12-21,Facebook
791,138,2014-12-31,Landing Page
216,2102,2014-12-30,Landing Page
878,1724,2014-12-29,Facebook
895,142,2014-12-23,Website
1593,218,2014-12-24,Email
2044,682,2014-12-20,Website
2164,778,2014-12-17,Landing Page
231,1429,2014-12-18,Landing Page
802,57,2014-12-30,Website
511,2129,2014-12-28,Email
1802,585,2014-12-20,Email
949,105,2014-12-16,Website
2106,563,2014-12-25,Landing Page
1630,1241,2014-12-29,Email
1759,1754,2014-12-29,Facebook
899,2190,2014-12-30,Email
972,1494,2014-12-23,Landing Page
1280,1670,2014-12-24,Landing Page
1229,2061,2014-12-25,Website
1290,913,2014-12-29,Landing Page
1213,558,2014-12-22,Landing Page
1826,1070,2014-12-29,Website
117,1139,2014-12-30,Website
1500,192,2014-12-27,Email
1971,656,2014-12-26,Landing Page
1738,519,2014-12-15,Website
2129,1984,2014-12-24,Email
1675,1413,2014-12-18,Facebook
2036,1933,2014-12-29,Website
429,1167,2014-12-24,Landing Page
894,256,2014-12-23,Facebook
44,1121,2014-12-25,Landing Page
2170,1954,2014-12-21,Facebook
2223,2196,2014-12-20,Facebook
919,998,2014-12-28,Email
536,1,2014-12-25,Landing Page
932,1446,2014-12-30,Website
121,1602,2014-12-21,Facebook
1465,1818,2014-12-25,Website
183,2084,2014-12-21,Facebook
1017,483,2014-12-25,Website
461,1027,2014-12-21,Landing Page
1935,1015,2014-12-21,Website
1544,882,2014-12-16,Email
406,1980,2014-12-29,Landing Page
1097,1812,2014-12-28,Facebook
170,684,2014-12-25,Landing Page
1617,268,2014-12-24,Website
525,588,2014-12-25,Website
2040,1852,2014-12-22,Website
1224,610,2014-12-31,Landing Page
994,1800,2014-12-16,Landing Page
1047,544,2014-12-26,Facebook
773,60,2014-12-19,Facebook
2055,926,2014-12-16,Facebook
383,584,2014-12-28,Landing Page
1941,1300,2014-12-28,Website
1012,270,2014-12-18,Email
2000,2183,2014-12-27,Landing Page
453,941,2014-12-18,Email
1528,838,2014-12-20,Website
2064,863,2014-12-26,Landing Page
830,358,2014-12-17,Website
1333,316,2014-12-27,Website
1607,505,2014-12-16,Email
1952,1998,2014-12-17,Email
1993,2034,2014-12-27,Email
198,1876,2014-12-16,Facebook
1726,2064,2014-12-16,Landing Page
841,1265,2014-12-25,Facebook
1115,738,2014-12-30,Email
772,2060,2014-12-23,Landing Page
174,1830,2014-12-19,Email
1253,485,2014-12-22,Landing Page
2181,831,2014-12-24,Landing Page
2017,1805,2014-12-31,Facebook
639,877,2014-12-30,Email
1512,277,2014-12-20,Website
915,1095,2014-12-30,Facebook
202,351,2014-12-19,Email
1242,2014,2014-12-18,Website
369,1208,2014-12-24,Landing Page
16,939,2014-12-30,Facebook
1732,1926,2014-12-16,Website
1239,1159,2014-12-21,Website
1582,590,2014-12-23,Landing Page
1393,1417,2014-12-20,Website
1879,1531,2014-12-18,Facebook
1364,564,2014-12-28,Facebook
1653,736,2014-12-28,Email
1070,1291,2014-12-24,Landing Page
38,7,2014-12-16,Website
888,1969,2014-12-19,Facebook
189,735,2014-12-23,Email
136,1514,2014-12-18,Facebook
1014,1825,2014-12-16,Landing Page
1586,1786,2014-12-23,Facebook
1910,1586,2014-12-30,Website
1650,334,2014-12-15,Website
413,1857,2014-12-23,Landing Page
1040,65,2014-12-18,Facebook
566,364,2014-12-15,Email
1603,2199,2014-12-26,Landing Page
1317,1016,2014-12-15,Landing Page
2149,1467,2014-12-23,Landing Page
1859,387,2014-12-22,Landing Page
1351,895,2014-12-16,Landing Page
793,158,2014-12-28,Landing Page
1725,190,2014-12-19,Email
1983,951,2014-12-18,Website
333,204,2014-12-20,Website
1768,1937,2014-12-19,Facebook
239,1849,2014-12-17,Website
627,1122,2014-12-28,Landing Page
1911,1292,2014-12-22,Landing Page
1778,1583,2014-12-18,Landing Page
1328,129,2014-12-16,Email
2105,1862,2014-12-27,Website
1197,296,2014-12-31,Website
636,1595,2014-12-20,Landing Page
1980,152,2014-12-24,Email
629,149,2014-12-22,Website
2206,2216,2014-12-27,Facebook
474,634,2014-12-20,Facebook
742,1371,2014-12-21,Website
1825,300,2014-12-20,Facebook
891,1460,2014-12-28,Email
905,936,2014-12-17,Email
1149,2126,2014-12-29,Website
92,1915,2014-12-28,Facebook
1311,206,2014-12-22,Facebook
1466,865,2014-12-22,Email
2097,309,2014-12-27,Website
766,646,2014-12-16,Landing Page
1922,1508,2014-12-22,Facebook
1590,1614,2014-12-28,Landing Page
731,532,2014-12-19,Facebook
577,1872,2014-12-27,Email
9,1654,2014-12-16,Email
297,1732,2014-12-16,Facebook
1837,157,2014-12-17,Facebook
1683,1019,2014-12-31,Facebook
1693,1317,2014-12-20,Email
1761,1052,2014-12-25,Website
988,765,2014-12-22,Email
2173,2110,2014-12-27,Email
1148,1211,2014-12-17,Landing Page
1955,578,2014-12-22,Facebook
2136,1561,2014-12-31,Website
370,299,2014-12-27,Landing Page
560,2136,2014-12-27,Landing Page
999,1091,2014-12-30,Website
479,1836,2014-12-19,Website
211,996,2014-12-26,Website
2067,1412,2014-12-26,Website
606,643,2014-12-20,Website
1901,1543,2014-12-19,Facebook
1420,668,2014-12-29,Website
1289,85,2014-12-29,Website
1227,1641,2014-12-25,Email
1244,62,2014-12-21,Website
2113,912,2014-12-17,Facebook
828,818,2014-12-24,Landing Page
550,1677,2014-12-26,Email
590,2149,2014-12-28,Facebook
1108,797,2014-12-23,Email
1812,2191,2014-12-25,Facebook
707,1206,2014-12-22,Email
815,887,2014-12-24,Landing Page
144,211,2014-12-19,Website
1318,697,2014-12-31,Website
1858,235,2014-12-27,Facebook
176,1409,2014-12-27,Facebook
1966,624,2014-12-31,Landing Page
942,1017,2014-12-17,Email
1009,727,2014-12-21,Landing Page
1883,1454,2014-12-22,Facebook
1863,81,2014-12-16,Landing Page
285,1351,2014-12-26,Email
420,1698,2014-12-23,Facebook
1231,1644,2014-12-31,Landing Page
669,1209,2014-12-21,Facebook
568,770,2014-12-21,Landing Page
1336,1519,2014-12-20,Landing Page
398,339,2014-12-26,Website
2096,32,2014-12-17,Facebook
1680,1706,2014-12-26,Facebook
1359,827,2014-12-28,Landing Page
996,2125,2014-12-27,Website
1656,2113,2014-12-30,Landing Page
46,18,2014-12-16,Email
632,1892,2014-12-28,Email
524,2184,2014-12-31,Email
1777,816,2014-12-28,Website
1902,2018,2014-12-26,Facebook
584,1503,2014-12-28,Landing Page
576,1403,2014-12-25,Landing Page
1018,1202,2014-12-26,Landing Page
1245,1840,2014-12-15,Email
417,576,2014-12-22,Email
1767,1174,2014-12-29,Website
128,1372,2014-12-27,Landing Page
340,2041,2014-12-27,Email
441,1771,2014-12-20,Facebook
321,272,2014-12-15,Landing Page
1357,2088,2014-12-24,Landing Page
1406,1162,2014-12-17,Website
1157,533,2014-12-20,Facebook
218,31,2014-12-27,Email
1724,2007,2014-12-29,Landing Page
1521,2105,2014-12-24,Facebook
2166,715,2014-12-29,Facebook
1560,744,2014-12-19,Facebook
1296,2100,2014-12-28,Facebook
302,1557,2014-12-18,Email
171,29,2014-12-31,Landing Page
475,2159,2014-12-20,Email
1435,701,2014-12-20,Landing Page
2095,14,2014-12-25,Landing Page
1854,1681,2014-12-29,Facebook
597,430,2014-12-27,Landing Page
1689,772,2014-12-28,Website
520,1798,2014-12-25,Landing Page
2007,1450,2014-12-31,Email
1895,1880,2014-12-25,Landing Page
574,1649,2014-12-26,Website
689,840,2014-12-29,Facebook
224,541,2014-12-15,Landing Page
1808,377,2014-12-21,Website
2024,66,2014-12-18,Email
1114,2236,2014-12-19,Website
832,1690,2014-12-16,Landing Page
1379,1794,2014-12-31,Facebook
1878,776,2014-12-27,Email
1770,435,2014-12-23,Email
82,1079,2014-12-30,Email
1937,637,2014-12-15,Website
1906,1932,2014-12-30,Facebook
1661,2030,2014-12-20,Email
261,884,2014-12-31,Facebook
1739,1994,2014-12-19,Email
361,978,2014-12-24,Landing Page
1270,517,2014-12-20,Landing Page
611,480,2014-12-28,Facebook
2145,1434,2014-12-20,Email
192,490,2014-12-16,Email
666,1616,2014-12-17,Landing Page
1298,1189,2014-12-26,Email
1415,1844,2014-12-17,Landing Page
440,1692,2014-12-28,Website
1193,625,2014-12-21,Facebook
1981,1632,2014-12-25,Website
1568,1886,2014-12-31,Website
1044,1169,2014-12-25,Facebook
1032,1420,2014-12-25,Website
1961,796,2014-12-18,Website
857,1432,2014-12-30,Landing Page
2030,981,2014-12-26,Facebook
2050,2052,2014-12-19,Email
1919,851,2014-12-22,Email
1347,2001,2014-12-17,Facebook
1867,1802,2014-12-23,Landing Page
1584,1598,2014-12-18,Website
79,1591,2014-12-20,Website
1187,910,2014-12-28,Email
819,775,2014-12-26,Email
2118,176,2014-12-19,Landing Page
2174,247,2014-12-16,Facebook
1396,1615,2014-12-23,Email
2083,512,2014-12-16,Landing Page
1327,932,2014-12-25,Email
232,1251,2014-12-22,Facebook
1199,167,2014-12-15,Landing Page
1003,793,2014-12-27,Website
1700,1066,2014-12-27,Facebook
1510,414,2014-12-25,Landing Page
90,1944,2014-12-28,Email
1484,476,2014-12-17,Website
966,356,2014-12-26,Landing Page
151,3,2014-12-30,Landing Page
1715,1985,2014-12-25,Website
120,209,2014-12-23,Landing Page
543,1608,2014-12-22,Email
714,393,2014-12-18,Website
603,380,2014-12-23,Facebook
1977,310,2014-12-15,Landing Page
1335,1526,2014-12-24,Facebook
214,574,2014-12-26,Facebook
527,1089,2014-12-22,Email
1714,2103,2014-12-19,Website
2222,1011,2014-12-17,Landing Page
1518,2195,2014-12-20,Facebook
1632,228,2014-12-24,Website
444,1330,2014-12-19,Landing Page
2077,1879,2014-12-30,Facebook
713,108,2014-12-27,Facebook
2093,244,2014-12-22,Email
33,448,2014-12-15,Website
1616,1421,2014-12-28,Facebook
1942,748,2014-12-21,Website
1740,893,2014-12-16,Landing Page
1036,185,2014-12-24,Website
1427,1968,2014-12-24,Email
1887,1711,2014-12-15,Facebook
1020,867,2014-12-25,Email
1581,1976,2014-12-15,Website
586,1346,2014-12-27,Landing Page
1450,2238,2014-12-31,Email
1191,1233,2014-12-17,Website
324,955,2014-12-15,Landing Page
2071,655,2014-12-16,Facebook
242,106,2014-12-30,Landing Page
272,1734,2014-12-30,Website
1168,1834,2014-12-16,Landing Page
865,90,2014-12-25,Facebook
1436,1537,2014-12-31,Email
705,651,2014-12-19,Landing Page
1643,2091,2014-12-21,Email
2080,1033,2014-12-26,Landing Page
2207,710,2014-12-19,Website
1880,1173,2014-12-31,Landing Page
37,2135,2014-12-26,Website
1024,1352,2014-12-22,Facebook
620,1908,2014-12-19,Facebook
1775,1920,2014-12-16,Email
647,1102,2014-12-26,Website
1315,1165,2014-12-25,Facebook
737,1854,2014-12-29,Email
1471,4,2014-12-21,Landing Page
414,1185,2014-12-19,Facebook
368,2119,2014-12-31,Landing Page
2104,798,2014-12-26,Website
11,1045,2014-12-17,Landing Page
1015,1469,2014-12-27,Website
1613,454,2014-12-17,Facebook
1633,214,2014-12-23,Facebook
1829,642,2014-12-15,Website
1678,657,2014-12-20,Landing Page
515,782,2014-12-24,Facebook
1228,1049,2014-12-26,Facebook
1107,2080,2014-12-15,Facebook
134,325,2014-12-21,Facebook
2025,137,2014-12-16,Website
1750,153,2014-12-25,Website
2141,114,2014-12-22,Email
1167,177,2014-12-27,Website
112,1475,2014-12-21,Email
352,1441,2014-12-15,Email
2153,925,2014-12-30,Landing Page
940,155,2014-12-16,Website
1623,1935,2014-12-22,Landing Page
1126,1005,2014-12-19,Landing Page
1144,1584,2014-12-21,Email
598,1939,2014-12-21,Facebook
1978,2234,2014-12-23,Website
1180,1319,2014-12-29,Facebook
427,930,2014-12-26,Facebook
1288,1772,2014-12-30,Facebook
1697,718,2014-12-19,Email
1702,509,2014-12-20,Email
1529,421,2014-12-22,Landing Page
1352,614,2014-12-26,Landing Page
672,1008,2014-12-19,Facebook
95,1640,2014-12-17,Landing Page
1461,89,2014-12-16,Facebook
1320,378,2014-12-26,Facebook
1852,2038,2014-12-18,Email
1592,805,2014-12-21,Landing Page
930,132,2014-12-29,Facebook
1074,672,2014-12-21,Website
726,2206,2014-12-21,Email
255,447,2014-12-15,Website
204,1087,2014-12-17,Email
485,1521,2014-12-27,Landing Page
292,73,2014-12-15,Email
1306,956,2014-12-28,Landing Page
2198,2235,2014-12-26,Landing Page
62,1713,2014-12-30,Landing Page
1785,1621,2014-12-24,Landing Page
683,456,2014-12-26,Landing Page
709,1048,2014-12-25,Email
296,1957,2014-12-31,Landing Page
973,689,2014-12-28,Email
1970,1842,2014-12-26,Landing Page
981,1483,2014-12-20,Website
2192,251,2014-12-17,Facebook
1477,1527,2014-12-18,Facebook
1222,1921,2014-12-18,Facebook
2038,1181,2014-12-17,Facebook
671,77,2014-12-15,Email
824,388,2014-12-31,Landing Page
221,44,2014-12-28,Email
1968,1451,2014-12-19,Landing Page
1507,1438,2014-12-28,Website
2107,2218,2014-12-19,Website
1463,2210,2014-12-30,Email
1467,2198,2014-12-16,Email
1340,1853,2014-12-15,Website
1043,135,2014-12-22,Email
1818,2022,2014-12-21,Landing Page
738,492,2014-12-15,Landing Page
1758,2122,2014-12-19,Facebook
1103,1743,2014-12-27,Website
1704,2139,2014-12-26,Website
1478,1100,2014-12-20,Facebook
400,812,2014-12-29,Email
822,1548,2014-12-23,Facebook
540,716,2014-12-24,Email
1823,1941,2014-12-18,Landing Page
338,952,2014-12-16,Website
1456,1505,2014-12-23,Facebook
1610,828,2014-12-16,Email
195,577,2014-12-29,Email
1374,70,2014-12-21,Website
153,1218,2014-12-23,Facebook
1391,1276,2014-12-24,Website
476,1580,2014-12-25,Landing Page
946,664,2014-12-31,Facebook
1907,332,2014-12-26,Website
907,1658,2014-12-27,Website
1605,2024,2014-12-19,Email
234,589,2014-12-27,Facebook
785,1507,2014-12-16,Email
1076,2117,2014-12-21,Website
2075,95,2014-12-30,Landing Page
1329,1179,2014-12-27,Email
1706,750,2014-12-30,Landing Page
804,962,2014-12-18,Website
2238,654,2014-12-15,Website
200,1726,2014-12-23,Landing Page
191,766,2014-12-19,Website
1496,1263,2014-12-30,Email
937,195,2014-12-22,Website
774,1931,2014-12-25,Facebook
1122,1246,2014-12-29,Facebook
1319,848,2014-12-29,Website
1240,1149,2014-12-23,Facebook
552,496,2014-12-18,Landing Page
1232,963,2014-12-21,Facebook
700,493,2014-12-24,Landing Page
1426,859,2014-12-31,Website
1601,1707,2014-12-30,Landing Page
504,508,2014-12-28,Website
516,2152,2014-12-16,Email
1606,165,2014-12-25,Email
2134,147,2014-12-21,Landing Page
1699,239,2014-12-24,Landing Page
1215,1633,2014-12-28,Email
1998,1682,2014-12-29,Landing Page
977,834,2014-12-16,Email
2177,1684,2014-12-25,Email
300,506,2014-12-25,Facebook
217,1721,2014-12-25,Landing Page
2003,844,2014-12-15,Email
2159,1664,2014-12-21,Email
1788,1295,2014-12-20,Facebook
572,20,2014-12-20,Facebook
984,1214,2014-12-27,Email
288,1768,2014-12-27,Website
507,1676,2014-12-23,Email
547,1943,2014-12-30,Landing Page
2074,1767,2014-12-27,Email
213,1311,2014-12-24,Landing Page
2234,1538,2014-12-28,Email
1295,2232,2014-12-25,Landing Page
43,1160,2014-12-28,Email
220,1788,2014-12-22,Landing Page
1891,2162,2014-12-22,Facebook
122,362,2014-12-15,Landing Page
478,1719,2014-12-15,Website
2189,1127,2014-12-29,Website
1469,1041,2014-12-17,Email
289,905,2014-12-29,Facebook
419,1907,2014-12-19,Facebook
1945,1448,2014-12-31,Landing Page
1618,103,2014-12-19,Facebook
1098,1978,2014-12-30,Email
1685,695,2014-12-31,Facebook
387,375,2014-12-31,Landing Page
1198,416,2014-12-25,Facebook
412,1009,2014-12-18,Website
1005,113,2014-12-28,Website
1669,1513,2014-12-25,Facebook
2233,1426,2014-12-22,Website
1322,396,2014-12-25,Email
1449,510,2014-12-20,Website
1801,2055,2014-12-24,Landing Page
523,959,2014-12-22,Website
873,407,2014-12-29,Landing Page
1628,2207,2014-12-23,Facebook
1781,34,2014-12-25,Website
13,774,2014-12-16,Landing Page
534,1437,2014-12-16,Website
2011,1637,2014-12-30,Facebook
54,1856,2014-12-31,Facebook
2147,2177,2014-12-25,Facebook
1278,12,2014-12-29,Facebook
1424,232,2014-12-29,Website
1888,281,2014-12-20,Email
180,1064,2014-12-17,Website
638,921,2014-12-30,Landing Page
1481,1815,2014-12-21,Website
934,804,2014-12-24,Landing Page
1079,1120,2014-12-21,Facebook
445,1104,2014-12-17,Email
1967,2076,2014-12-17,Email
571,621,2014-12-27,Landing Page
1194,312,2014-12-25,Email
484,121,2014-12-30,Email
1431,1992,2014-12-20,Email
1527,2097,2014-12-18,Facebook
1597,1370,2014-12-28,Facebook
2102,1073,2014-12-30,Landing Page
1321,850,2014-12-15,Facebook
28,2079,2014-12-21,Facebook
698,1493,2014-12-22,Facebook
2023,980,2014-12-31,Landing Page
2216,870,2014-12-27,Landing Page
1243,1353,2014-12-17,Landing Page
219,562,2014-12-31,Email
35,514,2014-12-29,Website
1487,346,2014-12-24,Facebook
421,1744,2014-12-17,Website
1265,1101,2014-12-23,Landing Page
721,1497,2014-12-23,Facebook
1378,1746,2014-12-21,Landing Page
1488,1479,2014-12-18,Facebook
2204,22,2014-12-22,Website
2143,202,2014-12-26,Facebook
1403,2180,2014-12-20,Facebook
1820,111,2014-12-22,Website
945,1194,2014-12-17,Landing Page
1060,1183,2014-12-15,Facebook
360,1769,2014-12-20,Website
1256,1635,2014-12-31,Landing Page
1269,1107,2014-12-18,Email
1531,1972,2014-12-29,Facebook
71,389,2014-12-29,Landing Page
1536,450,2014-12-30,Website
55,548,2014-12-23,Landing Page
1010,2075,2014-12-26,Website
522,365,2014-12-27,Email
422,96,2014-12-25,Email
839,1199,2014-12-24,Website
1757,5,2014-12-16,Website
1132,820,2014-12-19,Website
1133,1912,2014-12-27,Facebook
401,1675,2014-12-29,Landing Page
1572,1491,2014-12-17,Facebook
328,1201,2014-12-19,Facebook
284,376,2014-12-16,Email
1540,1504,2014-12-18,Email
1841,352,2014-12-28,Email
1635,221,2014-12-30,Website
2121,1764,2014-12-17,Email
780,665,2014-12-31,Facebook
280,1338,2014-12-27,Email
1639,855,2014-12-21,Email
347,1955,2014-12-17,Facebook
1842,1569,2014-12-17,Email
1815,2186,2014-12-17,Website
1690,1078,2014-12-20,Website
265,1710,2014-12-19,Landing Page
1071,2086,2014-12-27,Facebook
2211,666,2014-12-31,Facebook
954,1440,2014-12-19,Landing Page
1931,1010,2014-12-16,Facebook
1721,1368,2014-12-25,Landing Page
1445,1803,2014-12-25,Facebook
2086,918,2014-12-16,Website
123,2042,2014-12-29,Facebook
770,420,2014-12-16,Website
1250,2202,2014-12-27,Landing Page
1093,1081,2014-12-15,Facebook
2218,965,2014-12-17,Facebook
303,880,2014-12-24,Website
844,1084,2014-12-29,Email
1139,1627,2014-12-27,Facebook
404,1791,2014-12-30,Landing Page
556,1520,2014-12-17,Email
460,883,2014-12-15,Facebook
634,2106,2014-12-20,Website
466,265,2014-12-18,Facebook
67,683,2014-12-24,Email
276,569,2014-12-22,Email
88,619,2014-12-17,Landing Page
1727,128,2014-12-29,Email
407,1256,2014-12-20,Facebook
697,1108,2014-12-17,Website
489,2094,2014-12-30,Website
241,1910,2014-12-31,Landing Page
1501,109,2014-12-21,Website
409,1305,2014-12-31,Landing Page
1894,1267,2014-12-28,Website
346,1874,2014-12-26,Facebook
730,1006,2014-12-23,Facebook
680,162,2014-12-16,Facebook
335,401,2014-12-16,Landing Page
273,2026,2014-12-18,Website
1523,1455,2014-12-27,Website
1672,1552,2014-12-30,Landing Page
1573,1125,2014-12-18,Facebook
469,1294,2014-12-19,Website
810,2175,2014-12-21,Email
637,498,2014-12-26,Email
562,1293,2014-12-17,Email
604,205,2014-12-21,Facebook
1125,876,2014-12-18,Website
1332,1366,2014-12-31,Email
1088,1518,2014-12-16,Landing Page
163,537,2014-12-25,Website
519,2168,2014-12-29,Landing Page
1793,1086,2014-12-30,Landing Page
1733,2178,2014-12-17,Email
808,764,2014-12-27,Website
1576,1186,2014-12-29,Email
1434,1804,2014-12-15,Facebook
51,1013,2014-12-24,Landing Page
3,391,2014-12-28,Landing Page
1547,1132,2014-12-31,Website
1671,1686,2014-12-21,Website
868,1376,2014-12-25,Landing Page
2138,949,2014-12-25,Website
246,1560,2014-12-18,Website
94,1299,2014-12-25,Landing Page
278,1244,2014-12-15,Website
1905,1106,2014-12-22,Facebook
2227,1220,2014-12-22,Landing Page
356,1074,2014-12-26,Website
826,1642,2014-12-30,Email
235,732,2014-12-31,Website
1614,252,2014-12-28,Landing Page
1730,67,2014-12-16,Email
970,964,2014-12-28,Facebook
694,974,2014-12-21,Website
4,2023,2014-12-16,Landing Page
605,567,2014-12-28,Website
538,2070,2014-12-22,Facebook
1482,1377,2014-12-21,Website
1339,2067,2014-12-23,Website
1932,333,2014-12-30,Email
1950,916,2014-12-22,Landing Page
133,1234,2014-12-15,Facebook
965,733,2014-12-24,Email
1068,69,2014-12-31,Landing Page
5,2015,2014-12-20,Email
243,1667,2014-12-17,Email
1073,580,2014-12-21,Facebook
1514,317,2014-12-17,Landing Page
2076,1601,2014-12-20,Website
650,1021,2014-12-15,Website
1840,1708,2014-12-22,Facebook
1053,709,2014-12-23,Email
1520,1828,2014-12-20,Email
1135,629,2014-12-23,Email
1615,2225,2014-12-27,Landing Page
1078,1462,2014-12-29,Email
925,1394,2014-12-31,Email
1764,1046,2014-12-29,Facebook
1986,2090,2014-12-23,Website
2127,369,2014-12-21,Landing Page
1538,858,2014-12-28,Website
2052,1567,2014-12-27,Email
896,2035,2014-12-15,Facebook
1701,749,2014-12-15,Landing Page
20,2185,2014-12-22,Email
2122,1709,2014-12-27,Landing Page
40,1905,2014-12-21,Landing Page
850,1861,2014-12-16,Email
1849,2148,2014-12-21,Facebook
2103,2187,2014-12-17,Website
1346,751,2014-12-20,Landing Page
317,1792,2014-12-29,Email
531,15,2014-12-28,Email
2160,1647,2014-12-30,Website
173,2224,2014-12-23,Website
1128,1809,2014-12-16,Email
2167,1808,2014-12-28,Website
1442,1226,2014-12-21,Website
1268,385,2014-12-19,Landing Page
1884,754,2014-12-17,Landing Page
160,761,2014-12-27,Website
1432,2008,2014-12-22,Landing Page
418,2167,2014-12-18,Landing Page
152,1360,2014-12-20,Email
1912,2123,2014-12-29,Website
842,781,2014-12-21,Landing Page
799,737,2014-12-23,Landing Page
736,1324,2014-12-19,Email
2062,714,2014-12-27,Landing Page
631,1205,2014-12-18,Landing Page
508,860,2014-12-31,Landing Page
1492,1314,2014-12-31,Website
65,2072,2014-12-24,Facebook
237,55,2014-12-15,Facebook
923,1355,2014-12-28,Facebook
769,1286,2014-12-30,Facebook
1718,722,2014-12-25,Landing Page
924,897,2014-12-23,Landing Page
1898,1427,2014-12-31,Email
487,1851,2014-12-18,Website
1957,846,2014-12-28,Website
197,671,2014-12-16,Website
628,1678,2014-12-23,Facebook
901,2078,2014-12-24,Facebook
855,494,2014-12-21,Email
2031,88,2014-12-22,Email
309,1099,2014-12-30,Email
1559,419,2014-12-30,Landing Page
1033,903,2014-12-15,Website
880,931,2014-12-18,Email
252,540,2014-12-21,Landing Page
670,953,2014-12-26,Landing Page
23,835,2014-12-16,Landing Page
1190,2012,2014-12-23,Email
1587,559,2014-12-23,Facebook
1631,734,2014-12-29,Landing Page
1249,1362,2014-12-15,Facebook
308,2156,2014-12-23,Facebook
1151,587,2014-12-26,Facebook
1082,1137,2014-12-31,Landing Page
678,1255,2014-12-15,Email
97,21,2014-12-24,Facebook
1084,53,2014-12-20,Website
1789,1661,2014-12-21,Facebook
1541,39,2014-12-15,Facebook
1947,234,2014-12-27,Email
545,1699,2014-12-26,Email
1236,1188,2014-12-24,Email
2126,1240,2014-12-21,Facebook
1929,1511,2014-12-28,Facebook
1674,2124,2014-12-15,Landing Page
1402,1196,2014-12-28,Website
1410,1282,2014-12-25,Website
1490,1885,2014-12-23,Facebook
1085,288,2014-12-18,Landing Page
1063,503,2014-12-26,Landing Page
997,297,2014-12-30,Landing Page
2078,2154,2014-12-23,Website
1386,1258,2014-12-28,Facebook
201,687,2014-12-17,Website
1045,802,2014-12-23,Email
939,1302,2014-12-16,Landing Page
139,2211,2014-12-29,Website
688,890,2014-12-29,Email
1439,907,2014-12-23,Email
403,1807,2014-12-17,Email
1753,453,2014-12-31,Email
373,1787,2014-12-29,Website
640,525,2014-12-21,Website
1342,2037,2014-12-29,Facebook
343,853,2014-12-18,Email
664,615,2014-12-26,Landing Page
964,428,2014-12-15,Facebook
1181,25,2014-12-28,Email
518,306,2014-12-31,Website
1889,459,2014-12-18,Landing Page
2140,45,2014-12-27,Landing Page
1658,398,2014-12-15,Email
676,889,2014-12-18,Website
1558,743,2014-12-25,Website
1551,662,2014-12-27,Email
1845,1843,2014-12-25,Facebook
1746,1636,2014-12-31,Landing Page
724,1911,2014-12-28,Landing Page
1407,1613,2014-12-29,Facebook
1286,469,2014-12-31,Facebook
1206,1881,2014-12-23,Email
517,1109,2014-12-24,Facebook
836,670,2014-12-31,Facebook
1999,1068,2014-12-19,Website
1212,219,2014-12-31,Facebook
911,635,2014-12-28,Website
2073,371,2014-12-29,Landing Page
794,1072,2014-12-29,Landing Page
897,1651,2014-12-17,Landing Page
102,1349,2014-12-26,Email
1143,892,2014-12-17,Website
957,2095,2014-12-20,Website
1136,1039,2014-12-29,Website
2057,1510,2014-12-28,Website
193,1391,2014-12-25,Website
31,1092,2014-12-22,Website
2132,1261,2014-12-24,Website
976,1914,2014-12-26,Email
1189,550,2014-12-29,Landing Page
111,282,2014-12-21,Website
1717,82,2014-12-20,Landing Page
1388,1783,2014-12-26,Landing Page
384,229,2014-12-20,Facebook
2029,1714,2014-12-27,Landing Page
2220,1213,2014-12-28,Landing Page
196,198,2014-12-29,Website
135,1422,2014-12-16,Facebook
481,1026,2014-12-26,Facebook
760,381,2014-12-24,Email
1748,397,2014-12-31,Email
1419,322,2014-12-25,Email
1833,191,2014-12-21,Email
1452,815,2014-12-28,Facebook
853,278,2014-12-26,Facebook
856,1924,2014-12-25,Facebook
887,1753,2014-12-29,Facebook
1159,101,2014-12-28,Landing Page
1756,1289,2014-12-28,Landing Page
1875,2011,2014-12-19,Email
1554,1532,2014-12-23,Landing Page
818,808,2014-12-16,Landing Page
1958,1114,2014-12-30,Website
1769,1729,2014-12-28,Landing Page
510,1590,2014-12-17,Facebook
116,669,2014-12-30,Landing Page
2034,1663,2014-12-18,Website
1096,304,2014-12-23,Landing Page
499,1463,2014-12-27,Facebook
1948,161,2014-12-17,Facebook
1008,1096,2014-12-30,Website
269,2032,2014-12-21,Website
29,1600,2014-12-23,Facebook
1235,1449,2014-12-21,Website
2123,1837,2014-12-25,Email
1343,1502,2014-12-29,Website
1996,2239,2014-12-19,Facebook
1835,2028,2014-12-25,Facebook
359,1303,2014-12-17,Landing Page
1914,1762,2014-12-15,Facebook
271,600,2014-12-26,Website
1588,1922,2014-12-19,Email
408,1343,2014-12-15,Landing Page
1472,632,2014-12-23,Facebook
1668,1991,2014-12-30,Website
995,2223,2014-12-31,Landing Page
1324,495,2014-12-19,Website
806,696,2014-12-20,Facebook
2091,1999,2014-12-28,Landing Page
2199,1650,2014-12-30,Website
782,1758,2014-12-31,Email
1984,330,2014-12-25,Website
236,1626,2014-12-16,Facebook
1305,946,2014-12-21,Email
882,723,2014-12-18,Email
1454,78,2014-12-17,Website
2020,2118,2014-12-17,Facebook
1903,923,2014-12-29,Facebook
2137,1248,2014-12-15,Landing Page
1259,572,2014-12-30,Landing Page
579,1390,2014-12-20,Email
777,250,2014-12-16,Landing Page
179,24,2014-12-18,Email
834,1130,2014-12-15,Website
807,1158,2014-12-29,Email
722,1718,2014-12-19,Facebook
717,1260,2014-12-15,Landing Page
674,275,2014-12-15,Facebook
1926,207,2014-12-29,Facebook
2229,1967,2014-12-27,Website
1373,1411,2014-12-28,Email
567,685,2014-12-26,Website
813,1329,2014-12-16,Facebook
2032,2050,2014-12-25,Email
1965,1551,2014-12-19,Landing Page
1102,1759,2014-12-19,Website
1350,845,2014-12-23,Email
1152,1766,2014-12-25,Website
2005,521,2014-12-29,Email
1281,100,2014-12-22,Email
2201,1790,2014-12-26,Facebook
1214,1625,2014-12-21,Website
1430,795,2014-12-29,Landing Page
920,603,2014-12-25,Email
85,357,2014-12-27,Email
1731,1776,2014-12-19,Website
1652,2013,2014-12-23,Facebook
898,881,2014-12-28,Website
732,273,2014-12-26,Email
1713,1342,2014-12-21,Website
968,809,2014-12-25,Facebook
1960,1058,2014-12-25,Landing Page
2120,1577,2014-12-23,Email
177,1556,2014-12-24,Website
223,785,2014-12-20,Landing Page
186,489,2014-12-17,Landing Page
1645,1993,2014-12-27,Email
1963,1833,2014-12-28,Email
1205,1747,2014-12-23,Facebook
1101,1126,2014-12-23,Facebook
1006,628,2014-12-19,Landing Page
1363,1778,2014-12-31,Email
1665,826,2014-12-22,Landing Page
1566,1054,2014-12-16,Landing Page
1848,1249,2014-12-18,Landing Page
823,2063,2014-12-20,Facebook
426,348,2014-12-21,Facebook
1872,1894,2014-12-27,Email
918,706,2014-12-29,Email
686,791,2014-12-17,Email
728,888,2014-12-17,Website
1803,763,2014-12-21,Landing Page
1634,739,2014-12-30,Facebook
829,148,2014-12-22,Landing Page
599,676,2014-12-21,Facebook
168,1361,2014-12-21,Email
190,477,2014-12-18,Website
1383,2025,2014-12-31,Website
526,979,2014-12-26,Website
1707,1134,2014-12-21,Facebook
1077,961,2014-12-23,Email
431,212,2014-12-25,Facebook
1870,1541,2014-12-31,Facebook
1745,2098,2014-12-26,Landing Page
1367,1593,2014-12-31,Facebook
559,787,2014-12-29,Website
1258,2197,2014-12-18,Website
1177,935,2014-12-20,Facebook
759,478,2014-12-20,Website
2219,1028,2014-12-21,Facebook
1692,700,2014-12-17,Website
1729,1386,2014-12-15,Landing Page
1414,1535,2014-12-20,Website
1822,1077,2014-12-31,Facebook
2070,1896,2014-12-18,Email
1754,56,2014-12-20,Facebook
1828,2120,2014-12-29,Landing Page
1722,48,2014-12-27,Website
1649,874,2014-12-20,Landing Page
2150,50,2014-12-29,Facebook
1570,168,2014-12-15,Email
388,504,2014-12-17,Landing Page
411,1562,2014-12-23,Facebook
619,1439,2014-12-25,Email
2139,1687,2014-12-20,Website
1513,1103,2014-12-17,Website
1908,849,2014-12-29,Landing Page
270,1383,2014-12-25,Landing Page
1896,1871,2014-12-23,Landing Page
1735,1756,2014-12-16,Email
1412,1453,2014-12-26,Email
1807,1067,2014-12-18,Website
307,1997,2014-12-30,Landing Page
1275,1609,2014-12-15,Website
1676,1752,2014-12-24,Facebook
99,1410,2014-12-17,Website
379,1643,2014-12-21,Website
2215,349,2014-12-15,Landing Page
1751,800,2014-12-29,Website
105,80,2014-12-22,Facebook
1094,220,2014-12-23,Facebook
847,1919,2014-12-15,Facebook
978,1899,2014-12-25,Facebook
416,1061,2014-12-29,Website
1303,482,2014-12-22,Website
1453,413,2014-12-16,Email
1276,402,2014-12-20,Facebook
768,2174,2014-12-22,Email
2045,2155,2014-12-30,Email
903,688,2014-12-21,Facebook
618,1031,2014-12-30,Email
1254,1793,2014-12-21,Email
1416,1703,2014-12-22,Website
1433,1961,2014-12-27,Facebook
1061,2000,2014-12-23,Facebook
463,1733,2014-12-15,Landing Page
635,1166,2014-12-18,Website
2212,1152,2014-12-31,Email
1218,1982,2014-12-25,Email
319,2009,2014-12-29,Website
892,243,2014-12-28,Landing Page
890,1934,2014-12-22,Facebook
835,1461,2014-12-23,Website
1223,1916,2014-12-22,Facebook
801,1725,2014-12-30,Website
1334,1322,2014-12-25,Landing Page
1057,1269,2014-12-30,Website
886,318,2014-12-21,Facebook
1819,267,2014-12-31,Website
1644,1135,2014-12-25,Facebook
140,87,2014-12-24,Facebook
14,904,2014-12-22,Email
2221,2170,2014-12-23,Landing Page
206,400,2014-12-26,Email
101,1866,2014-12-21,Email
936,1308,2014-12-27,Landing Page
1711,1742,2014-12-26,Website
1134,1315,2014-12-16,Facebook
490,594,2014-12-23,Facebook
2081,295,2014-12-31,Landing Page
1184,2039,2014-12-19,Facebook
1390,1716,2014-12-24,Email
2012,1170,2014-12-16,Landing Page
1292,1245,2014-12-16,Email
1565,1393,2014-12-19,Email
863,1780,2014-12-16,Facebook
1142,1328,2014-12-26,Email
2101,323,2014-12-17,Facebook
7,1198,2014-12-16,Email
1831,363,2014-12-15,Email
493,713,2014-12-16,Website
1272,1468,2014-12-26,Facebook
746,2101,2014-12-24,Website
679,1430,2014-12-23,Landing Page
1273,839,2014-12-21,Email
240,1566,2014-12-25,Landing Page
1312,1456,2014-12-17,Landing Page
249,1559,2014-12-27,Website
1657,1929,2014-12-30,Facebook
1885,1348,2014-12-24,Facebook
626,1750,2014-12-26,Website
1530,1435,2014-12-23,Facebook
1611,1942,2014-12-15,Facebook
1371,1280,2014-12-16,Website
2165,647,2014-12-18,Email
1124,678,2014-12-21,Email
687,1458,2014-12-21,Landing Page
1140,1913,2014-12-23,Facebook
1283,1278,2014-12-15,Landing Page
108,1163,2014-12-18,Website
509,1607,2014-12-20,Email
154,1571,2014-12-19,Facebook
